,店舗名,店舗名カナ,郵便番号,住所,電話番号,FAX番号,e-mailアドレス,ホームページアドレス,最寄りの交通機関,営業時間,定休日,業種,店舗緯度,店舗経度,おむつ替え設備,授乳の場,子供用補助便座,妊婦用駐車場,障害者用駐車場,ミルクのお湯を提供,こどもと遊べる場,ベビーカー,利用可能時間
1,A・S・A・K・U・R・A新北店,あさくらしんきたてん,760-0001,香川県高松市新北町29-15,087-834-8384,,,http://www.asakura.com.cn,,時 〜 時、時 〜 時、時 〜 時,月曜日（年始1月1日・2日のみ休み）,,34.354756,134.023736,○,　,○,　,　,　,　,　,9時 〜 19時、火曜日は9時〜18時
2,東温泉&mammyhands,あずまおんせんあんどまみーはんず,760-0067,香川県高松市松福町2-9-11,087-821-7938,087-823-1192,mammyhands2010@yahoo.co.jp,http://mammyhands.jimdo.com/,ことでん志度線「松島2丁目」駅　下車徒歩5分,mammyhands：10時 〜12 時（毎月曜）、東温泉：15時 〜24 時,東温泉のみ　毎週月曜日,"教育, 見る・遊ぶ, 温泉・銭湯",34.342085,134.066995,○,○,　,○,　,○,　,　,10時〜24時
3,ありす鍼灸整骨院,ありすしんきゅうせいこついん,761-0434,香川県高松市十川東町83-1　1階,087-814-3966,,alice-ss@aliceplan.com,https://alice-ss.com/,琴電　池戸駅,9時〜12時　15時〜20時,日曜日、祝日、月末日,理美容・整体,34.269038,134.110,○,○,,,,○,○,,9時〜12時　15時〜20時
4,安進自動車,あんしんじどうしゃ,761-0313,香川県高松市下田井町529-1,087-847-8707,,anshin20miyuki@yahoo.co.jp,,琴電長尾線　水田駅,9時 〜 19時,日曜日,車・自転車,34.288794,134.092688,　,　,○,○,○,○,　,　,9時 〜 19時
5,いいむらファミリー鍼灸整骨院,いいむらふぁみりーしんきゅうせいこついん,760-0006,香川県高松市亀岡町1-62,087-880-8812,,,http://www.iimura-seikotsuin.com,琴電　潟元駅,9時 〜 12時、15時 〜 19時,土曜午後、日曜、祝日午後,理美容・整体,34.33794,134.042999,○,○,○,　,　,○,○,○,9時 〜 12時、15時 〜 19時
6,イオン綾川店,いおんあやかわてん,761-2304,香川県綾歌郡綾川町萱原822-1,087-876-8000,,,http://www.aeon.jp/sc/ayagawa/,,9時〜22時,なし,,34.251716,133.930962,○,○,○,○,　,　,　,　,9時〜22時
7,イオン坂出店,いおんさかいでてん,762-0001,香川県坂出市京町1-4-18,0877-45-2111,0877-45-2105,,http://www.aeon.jp/aeon/sakaide/index.html,ＪＲ坂出駅,9時〜22時（1Ｆ）、9時〜21時（2Ｆ〜4Ｆ）,なし,"買う, 食べる, 見る・遊ぶ, 住まい, 理美容・整体, 車・自転車, 複合施設",34.313931,133.857052,○,○,○,○,○,○,○,○,9時〜21時
8,イオン高松店,いおんたかまつてん,761-8012,香川県高松市香西本町1番1,087-842-8000,,,,,9時〜22時,なし,,34.352014,134.004263,○,○,○,○,　,　,　,　,9時〜22時
9,池田保健センター,いけだほけんせんたー,761-4301,香川県小豆郡小豆島町池田2071-2,0879-75-0200,,,,,8時30分〜17時15分,日曜日・祝日・年末年始,,34.482315,134.233404,○,　,○,○,　,　,　,　,8時30分〜17時15分
10,一般社団法人ワールド・インスペクションの『まっしゅ・るーむ』,いっぱんしゃだんほうじんわーるど・いんすぺくしょんの『まっしゅ・るーむ』,760-0053,香川県高松市田町5-7　大住ビル101,087-813-3435,087-813-3440,wi-info@eos.ocn.ne.jp,http://w-inspection.com,ことでん瓦町駅　JR栗林駅,10時 〜 18時,土曜日・日曜日・祝祭日・年末年始・お盆,"住まい, 通信・情報",34.335418,134.048305,○,○,○,　,　,○,○,　,10時 〜 18時
11,特定非営利活動法人いのちの応援舎,いのちのおうえんしゃ,761-0101,香川県高松市春日町1176,087-843-8255,,,http://www7.ocn.ne.jp/~inochi/about.html,,8時30分〜17時,土曜日・日曜日・祝日,,34.33237,134.097137,○,○,○,○,　,　,　,　,8時30分〜17時
12,イミテーションブルー,いみてーしょんぶるー,761-2204,香川県綾歌郡綾川町山田下3184-1,087-878-3255,020-4623-3568,info@rtc-net.org,http://imb.rtc-net.org/,琴電　陶駅,10時 〜 18時、10時 〜 12時,日曜午後・火曜・木曜,"買う, 車・自転車",34.222273,133.952837,○,○,　,○,○,○,　,　,10時 〜 18時、10時 〜 12時
13,癒しの里さらい,いやしのさとさらい,762-0053,香川県坂出市西大浜北1-1-22,0877-59-2626,,,http://www.iyashi-sarai.jp/,,10時〜25時,年中無休（年4回だけ施設メンテナンスのため休館）,,34.321968,133.845283,○,　,○,○,　,　,　,　,10時〜25時
14,魚神,うおしん,761-0101,香川県高松市春日町字南免170-1,087-841-0001,,,,,時 〜 時、時 〜 時、時 〜 時,水曜日（祝日の場合は営業、翌日休み）,,34.31871,134.092961,　,　,○,○,　,　,　,　,11時〜14時、17時〜22時
15,うたづ海ホタル,うたづうみほたる,769-0201,香川県綾歌郡宇多津町浜一番丁4番地,0877-49-0860,,,http://www.uplaza-utazu.jp/umihotaru/,,9時〜21時,月曜日・12月28日〜翌1月4日,,34.313286,133.807918,○,○,○,○,　,　,　,　,9時〜21時
16,宇多津グランドホテル,うたづぐらんどほてる,769-0203,香川県綾歌郡宇多津町浜三番丁22-1,0877-41-1000,,,http://www.sakaide-grandhotel.jp/utazu/index.html,,24時間,無休,,34.312956,133.814608,○,　,○,○,　,　,　,　,24時間
17,宇多津町サポートセンター,うたづさぽーとせんたー,769-0205,香川県綾歌郡宇多津町浜五番丁49番地7,0877-41-0516,,,,,9時〜17時,日曜日・祝日・12月29日〜翌1月3日,,34.305685,133.813663,○,○,○,○,　,　,　,　,9時〜17時
18,宇多津町福祉センター,うたづちょうふくしせんたー,769-0210,香川県綾歌郡宇多津町1900番地,0877-49-0287,,,,,8時30分〜17時,土曜日・日曜日・祝日・12月29日〜翌1月3日,,34.309261,133.824687,○,○,　,　,　,　,　,　,8時30分〜17時
19,宇多津町やすらぎプラザ,うたづちょうやすらぎぷらざ,769-0210,香川県綾歌郡宇多津町1188番地,0877-41-0665,,,,,9時〜17時,日曜日・祝日・12月29日〜翌1月3日,,34.305725,133.829241,○,　,　,○,　,　,　,　,9時〜17時
20,内海フェリー株式会社,うちのみふぇりー,761-4432,香川県小豆郡小豆島町草壁本町1053-3,0879-82-1080,,,http://www.uchinomi-ferry.co.jp,,6時30分〜21時,年中無休,,34.479137,134.298998,○,　,○,　,　,　,　,　,6時30分〜21時
21,内海福祉会館,うちのみふくしかいかん,761-4411,香川県小豆郡小豆島町安田甲36-3,0879-82-0337,,,,,9時〜22時,日曜日・祝日・年末年始,,34.479138,134.317008,○,○,　,　,　,　,　,　,9時〜22時
22,内海保健センター,うちのみほけんせんたー,761-4432,香川県小豆郡小豆島町草壁本町438-3,0879-82-0019,,,,,8時30分〜22時,日曜日・祝日・年末年始,,34.482931,134.302337,○,○,　,　,　,　,　,　,8時30分〜22時
23,株式会社eco.プランニング,えこーぷらんにんぐ,761-0313,香川県高松市下田井町25番地2シャレーム三広101,087-847-3578,,,,,9時〜16時30分,土曜日・日曜日・祝日,,34.298408,134.093277,○,○,○,　,　,　,　,　,9時〜16時30分
24,NPOしおのえ　セカンドステージ,えぬぴーおーしおのえ　せかんどすてーじ,761-1614,香川県高松市塩江町上西乙1118-8,087-893-1100,,,http://npo-secondstage.com/,,9時〜17時,火曜日,,34.162548,134.076094,○,○,　,　,　,　,　,　,9時〜17時
25,オアシス元町,おあしすもとまち,762-0045,香川県坂出市元町4丁目2-4,0877-45-6767,,,,,10時〜17時,毎週火曜日,,34.315344,133.855511,　,○,○,　,　,　,　,　,10時〜17時
26,大池オートキャンプ場,おおいけおーときゃんぷじょう,769-2901,香川県東かがわ市引田3066番地1,0879-33-7168,,,http://www.higashikagawa.jp/life/institution/camp.html#01,,9時〜16時,年末年始,,34.234407,134.402547,○,　,○,○,　,　,　,　,9時〜16時
27,大内公民館,おおちこうみんかん,769-2601,香川県東かがわ市三本松1296番地36,0879-24-0945,,,http://www.higashikagawa.jp/life/institution/community.html,,9時〜21時30分,火曜日・年末年始,,34.245272,134.33655,○,　,　,○,　,　,　,　,9時〜21時30分
28,オカウチアピー空港通高松店,おかうちあぴーくうこうどおりたかまつてん,761-8084,香川県高松市一宮町906-1,087-815-6700,087-815-6706,,http://www.api-net.co.jp/,ことでん「空港通」駅よりタクシー3分または徒歩10分、ことでんバス「下大内」バス停より徒歩3分,10時 〜19 時,毎週火曜日,"買う, 食べる",34.29324,134.032477,○,○,○,○,　,○,○,○,10時〜19時
29,オカウチアピー丸亀店,おかうちあぴーまるがめてん,763-0082,香川県丸亀市土器町東2-114,0877-22-0592,0877-22-0135,,http://www.api-net.co.jp/,JR丸亀駅、JR宇多津駅からタクシーで10分,10時 〜19 時,水曜日,買う,34.285626,133.817453,○,○,　,○,　,○,○,○,10時〜19時
30,おすとあんでーる,おすとあんでーる,761-2406,香川県丸亀市綾歌町栗熊東55番地18,0877-86-2605,,,,,時 〜 時、時 〜 時、時 〜 時,不定休,,34.24237,133.878636,○,　,　,○,　,　,　,　,10時〜18時
31,オリーブナビ小豆島,おりーぶなびしょうどしま,761-4434,香川県小豆郡小豆島町西村甲1896-1,0879-82-7007,,,,,9時〜17時,12月28日〜12月30日,,34.469587,134.274481,○,　,○,　,　,　,　,　,9時〜17時
32,買田簡易郵便局,かいたかんいゆうびんきょく,769-0311,仲多度郡まんのう町買田370-3,0877-75-1170,0877-75-1170,,,JR琴平駅　ことでん琴平駅、榎井駅,9時 〜 16時,土、日、祭日　　年末12/31〜年始1/3,"金融, その他",34.175194,133.827786,○,○,○,○,○,○,○,　,9時 〜16 時
33,keim hair,かいむ　へあ,768-0014,香川県観音寺市流岡町97-1,0875-56-0558,,,,,9時〜18時30分,毎週月曜日・第3日曜日,,34.131696,133.679977,○,○,　,　,　,　,　,　,9時〜18時30分
34,香川県公渕森林公園,かがわけん　きんぶちしんりんこうえん,761-0446,香川県高松市東植田町1210-3,087-849-0402,,,http://www.k-green.or.jp/kinbuchi/shisetsu.htm,,時 〜 時、時 〜 時、時 〜 時,なし（12月29日〜翌1月3日を除く）,,34.241332,134.104359,○,　,○,○,　,　,　,　,9時〜17時　公園は24時間開放
35,香川県信用組合　円座支店,かがわけんしんようくみあいえんざしてん,761-8044,香川県高松市円座町1044-1,087-885-2131,087-885-2132,,http://www.kagawaken.shinkumi.jp/,琴電　琴平線　円座駅,9時〜15時,土曜日・日曜日・祝祭日,金融,34.290089,134.009179,○,　,○,　,○,　,　,　,9時 〜 15時
36,香川県西讃農業改良普及センター・香川県西部家畜保健衛生所西讃支所,かがわけんせいぶかちくほけんえいせいじょせいさんししょ,769-1503,香川県三豊市豊中町笠田竹田438-1,0875-62-3075,,,,,時 〜 時、時 〜 時、時 〜 時,土曜日・日曜日・祝日・年末年始,,34.152941,133.697872,○,○,○,　,　,　,　,　,8時30分〜17時15分
37,香川県西部林業事業所,かがわけんせいぶりんぎょうじむしょ,766-0021,香川県仲多度郡まんのう町四條1192番地1,0877-73-2347,,,http://www.pref.kagawa.jp/seiburingyo/index.htm,,時 〜 時、時 〜 時、時 〜 時,土曜日・日曜日・祝祭日・年末年始,,34.191123,133.832752,○,　,○,○,　,　,　,　,8時30分〜17時15分
38,香川県総合運動公園,かがわけんそうごううんどうこうえん,761-8002,香川県高松市生島町614番地,087-881-0354,,,http://www.sp-kagawa.com,,時 〜 時、時 〜 時、時 〜 時,なし,,34.36489,133.961641,○,　,　,○,　,　,　,　,9時〜17時
39,香川県中讃保健福祉事務所,かがわけんちゅうさんほけんふくしじむしょ,763-0082,香川県丸亀市土器町東8丁目526番地,0877-24-9960,,,http://www.pref.kagawa.jp/chusanhoken/,,時 〜 時、時 〜 時、時 〜 時,土曜日・日曜日・祝日・年末年始,,34.30088,133.805788,○,○,○,○,　,　,　,　,8時30分〜17時15分
40,香川県庁舎,かがわけんちょうしゃ,760-8570,香川県高松市番町4丁目1番10号,087-831-1111,,,http://www.pref.kagawa.jp/,,8時〜17時45分,土曜日・日曜日・祝日・年末年始,,34.34016,134.04336,○,○,○,○,　,　,　,　,8時〜17時45分
41,香川県長尾土木事務所,かがわけんながおどぼくじむしょ,769-2301,香川県さぬき市長尾東1538-1,0879-52-2585,,,,,時 〜 時、時 〜 時、時 〜 時,土曜日・日曜日・祝日・年末年始,,34.265372,134.18433,○,　,　,○,　,　,　,　,8時30分〜17時15分
42,香川県美容業生活衛生同業組合,かがわけんびようぎょうせいかつえいせいどうぎょうくみあい,760-0079,香川県高松市松縄町1091番地3,087-867-3510,,,http://www.ba-kagawa.com,,8時30分〜17時,土曜日・日曜日・国民の祝日,,34.31626,134.063521,　,　,○,○,　,　,　,　,8時30分〜17時
43,香川県三豊合同庁舎,かがわけんみとよごうどうちょうしゃ,768-0067,香川県観音寺市坂本町七丁目3番18号,0875-25-3082,0875-25-6320,,,JR観音寺駅,8時30分 〜 18時,土日・祝日・年末年始（12月29日〜1月3日）,その他,34.127375,133.659015,○,　,　,○,○,　,　,　,8時 〜 17時45分
44,香川県立図書館,かがわけんりつとしょかん,761-0393,香川県高松市林町2217-19,087-868-0567,,,http://www.library.pref.kagawa.jp/,,"平日9時〜19時,土曜日・日曜日・祝日9時〜17時",月曜日（月曜日が休日に当たるときは、その日後においてその日に最も近い休日でない日）,,34.293146,134.06663,○,○,○,○,　,　,　,　,"平日9時〜19時,土曜日・日曜日・祝日9時〜17時"
45,香川県立ミュージアム,かがわけんりつみゅーじあむ,760-0030,香川県高松市玉藻町5-5,087-822-0002,087-822-0043,kmuseum@pref.kagawa.lg.jp,http://www.pref.kagawa.lg.jp/kmuseum/,ＪＲ高松駅、ことでん高松築港駅,9時 〜17 時,月曜日（祝日の場合は翌火曜日）・年末年始（12月26日〜1月1日）,"教育, 見る・遊ぶ",34.349687,134.05324,○,○,○,　,○,　,○,○,9時〜17時
46,かがわ総合リハビリテーションセンター,かがわそうごうりはびりてーしょんせんたー,761-8057,香川県高松市田村町1114番地,087-867-6008,,,http://www.kagawa-reha.net/,,時 〜 時、時 〜 時、時 〜 時,土曜日・日曜日・祝日,,34.306905,134.030779,○,○,○,○,　,　,　,　,8時30分〜17時15分
47,株式会社　香川ダイハツモータース坂出店,かがわだいはつもーたーすさかいでてん,762-0021,香川県坂出市西庄町池田732-12,0877-45-4622,,,http://dd.daihatsu.co.jp/kagawaM/,,平日9時30分〜19時、日曜・祝日9時30分〜18時,毎週火曜日・年末年始・GW休暇・夏季休暇,,34.313687,133.882137,○,　,　,○,　,　,　,　,平日9時30分〜19時、日曜・祝日9時30分〜18時
48,株式会社　香川ダイハツモータース高松太田店,かがわだいはつもーたーすたかまつおおたてん,761-8073,香川県高松市太田下町2370,087-865-6895,087-865-6833,oota@kgwm.daihatsu-dlr.co.jp,http://dd.daihatsu.co.jp/kagawaM/,コトデンバス　レインボー循環バス「香川ダイハツモータース高松太田店前」下車すぐ,平日9時30分〜19時、日曜・祝日9時30分〜18時,毎週火曜日・年末年始・GW休暇・夏期休暇,"買う, 交通, 車・自転車",34.307941,134.043284,○,○,○,○,○,○,○,　,平日9時30分〜19時、日曜・祝日9時30分〜18時
49,株式会社　香川ダイハツモータース丸亀原田店,かがわだいはつもーたーすまるがめはらだてん,763-0074,香川県丸亀市原田町1923-1,0877-22-4273,,,http://dd.daihatsu.co.jp/kagawaM/,,平日9時30分〜19時、日曜・祝日9時30分〜18時,毎週火曜日・年末年始・GW休暇・夏季休暇,,34.258821,133.787452,○,　,　,○,　,　,　,　,平日9時30分〜19時、日曜・祝日9時30分〜18時
50,株式会社　香川ダイハツモータース三木店,かがわだいはつもーたーすみきてん,761-0612,香川県木田郡三木町氷上87-4,087-898-5588,,,http://dd.daihatsu.co.jp/kagawaM/,,平日9時30分〜19時、日曜・祝日9時30分〜18時,毎週火曜日・年末年始・GW休暇・夏季休暇,,34.266396,134.127211,○,　,　,○,　,　,　,　,平日9時30分〜19時、日曜・祝日9時30分〜18時
51,香川図書館,かがわとしょかん,761-1706,香川県高松市香川町川東上1865-13,087-879-8970,,,http://library.city.takamatsu.kagawa.jp/,,"平日9時30分〜19時,土曜日・日曜日・祝日9時30分〜17時",祝日でない金曜日（その他月末休館・年末年始休館等有）,,34.241478,134.034445,○,○,　,　,　,　,　,　,"平日9時30分〜19時,土曜日・日曜日・祝日9時30分〜17時"
52,香川トヨタ　高松南店,かがわとよたたかまつみなみてん,761-8082,香川県高松市鹿角町27-1,087-868-3350,,,http://kagawa-toyota.jp/,,時 〜 時、時 〜 時、時 〜 時,月曜日,,34.297434,134.034741,○,　,○,○,　,　,　,　,9時30分〜18時
53,香川トヨタ　本店,かがわとよたほんてん,760-8568,香川県高松市番町2-5-14,087-851-7155,,,http://kagawa-toyota.jp/,,時 〜 時、時 〜 時、時 〜 時,月曜日,,34.343257,134.04283,○,○,○,　,　,　,　,　,9時30分〜18時
54,香川トヨタ　屋島店,かがわとよたやしまてん,761-0101,香川県高松市春日町1671-1,087-843-2056,,,http://kagawa-toyota.jp/,,時 〜 時、時 〜 時、時 〜 時,月曜日,,34.33533,134.09141,　,　,○,○,　,　,　,　,9時30分〜18時
55,香川トヨタ　ルート３２中央店,かがわとよたるーとさんじゅうにちゅうおうてん,769-0103,香川県高松市国分寺町福家甲1129-2,087-874-3200,,,http://kagawa-toyota.jp/,,時 〜 時、時 〜 時、時 〜 時,月曜日,,34.265779,133.971295,○,　,○,○,　,　,　,　,9時30分〜18時
56,かがわの家.com,かがわのいえどっとこむ,761-8083,香川県高松市三名町674-7,087-888-6006,087-888-6016,info@kagawanoie.com,http://www.kagawanoie.jp/,,10時 〜 17時,水曜日、年末年始、GW,住まい,34.294742,134.034233,○,○,○,　,　,○,○,　,10時 〜 17時
57,香川用水記念公園　水の資料館,かがわようすいきねんこうえんみずのしりょうかん,769-0402,香川県三豊市財田町財田中2355,0875-67-3760,,,http://www.mizupark.com,,時 〜 時、時 〜 時、時 〜 時,12月〜3月の毎週木曜日（祝日の場合は翌日）及び12月29日〜翌年1月3日,,34.100081,133.764942,○,○,○,○,　,　,　,　,9時〜17時
58,菓子工房ルーヴ　空港通店,かしこうぼうるーぶ　くうこうとおりてん,761-8082,香川県高松市鹿角町290-1,0120-869-787,087-868-1444,,https://www.lowe.co.jp,ことでん太田駅から徒歩10分,9時30分 〜 19時,臨時定休日あり（1/1・1/2 および 12/26）,"買う, 食べる",34.301784,134.034996,○,　,　,○,○,○,○,　,9時30分 〜 19時
59,家族葬のネクスト,かぞくそうのねくすと,761-1702,香川県高松市香川町寺井624-1,087-888-5909,,,,,時 〜 時、時 〜 時、時 〜 時,,,34.270506,134.031522,○,　,○,○,　,　,　,　,-
60,片原町西部商店街町営駐車場,かたはらまちせいぶしょうてんがいちょうえいちゅうしゃじょう,760-0033,香川県高松市丸の内10-2,087-822-2013,,,,,8時〜20時30分,なし,,34.347082,134.051293,○,　,○,　,　,　,　,　,8時〜20時30分
61,株式会社LIXILショールーム高松,かぶしきがいしゃ りくしるしょーるーむ たかまつ,760-0078,香川県高松市今里町11-1,087-815-3388,087-815-3392,ayumi.goi@lixil.com,,,10時 〜 17時,毎週水曜日（夏季休暇・年末年始休暇あり）,住まい,34.32319,134.055691,○,○,○,○,○,○,○,○,10時 〜 17時
62,株式会社　香川ダイハツモータース　観音寺店,かぶしきがいしゃ　かがわだいはつもーたーす　かんおんじてん,768-0021,香川県観音寺市吉岡町道上205-2,0875-25-1038,0875-25-1037,kanonji@kgwm.daihatsu-dlr.co.jp,http://dd.daihatsu.co.jp/kagawaM/,,平日9月30分〜19時、日曜・祝日9時30分〜18時,毎週火曜日・年末年始・GW休暇・夏季休暇,"買う, 見る・遊ぶ, 車・自転車",34.127652,133.689879,○,　,　,○,○,○,○,　,平日9月30分〜19時、日曜・祝日9時30分〜18時
63,株式会社　香川ダイハツモータース　高松香西店,かぶしきがいしゃ　かがわだいはつもーたーす　たかまつこうざいてん,761-8014,香川県高松市香西南町410,087-881-1811,087-881-2070,,http://dd.daihatsu.co.jp/kagawaM/,,平日 9時30分 〜 19時、日曜日・祝日 9時30分 〜 18時,毎週火曜日、年末年始、GW休暇、夏季休暇,車・自転車,34.341448,134.002693,○,　,　,○,○,○,○,　,平日 9時30分 〜 19時、日曜日・祝日 9時30分 〜 18時
64,株式会社　香川ダイハツモータース　滝宮店,かぶしきがいしゃ　かがわだいはつもーたーす　たきのみやてん,761-2304,香川県綾歌郡綾川町萱原483-3,087-876-2000,087-876-3888,,http://dd.daihatsu.co.jp/kagawaM/,,平日 9時30分 〜 19時、日曜日・祝日 9時30分 〜 18時,毎週火曜日、年末年始、GW休暇、夏季休暇,車・自転車,34.248122,133.934073,○,　,○,　,　,○,○,　,平日 9時30分 〜 19時、日曜日・祝日 9時30分 〜 18時
65,株式会社　香川ダイハツモータース高松東店,かぶしきがいしゃ　かがわだいはつもーたーすたかまつひがしてん,761-0102,香川県高松市新田町甲997-1,087-841-8888,087-841-8858,higashi@kgwm.daihatsu-dlr.co.jp,http://dd.daihatsu.co.jp/kagawaM/,JR屋島駅より南へ3キロ,平日9時30分 〜 19時、日曜・祝日9時30分 〜 18時,毎週火曜日・年末年始・GW休暇・夏季休暇,"買う, 車・自転車",34.331023,134.100617,○,○,○,○,○,○,○,　,平日9時30分 〜 19時、日曜・祝日9時30分 〜 18時
66,株式会社　香川ダイハツモータース詫間店,かぶしきがいしゃ　かがわだいはつもーたーすたくまてん,769-1101,香川県三豊市詫間町詫間6784-220,0875-83-5566,0875-83-5568,takuma@kgwm.daihatsu-dlr.co.jp,http://dd.daihatsu.co.jp/kagawaM/,JR詫間駅より西へ4キロ,平日9時30分 〜 19時、日曜・祝日9時30分 〜 18時,毎週火曜日・年末年始・GW休暇・夏季休暇,"買う, 車・自転車",34.213838,133.688154,○,○,○,○,○,○,○,　,平日9時30分 〜 19時、日曜・祝日9時30分 〜 18時
67,株式会社　香川ダイハツモータース丸亀土器店,かぶしきがいしゃ　かがわだいはつもーたーすまるがめどきてん,763-0082,香川県丸亀市土器町東八丁目453,0877-25-3888,0877-24-0679,doki@kgwm.daihatsu-dlr.co.jp,http://dd.daihatsu.co.jp/kagawaM/,JR宇多津駅より西へ1キロ,平日9時30分〜19時、日曜・祝日9時30分〜18時,毎週火曜日・年末年始・GW休暇・夏季休暇,車・自転車,34.298877,133.807982,○,○,○,○,○,○,○,　,平日9時30分〜19時、日曜・祝日9時30分〜18時
68,株式会社百十四銀行　栗林支店,かぶしきがいしゃ　ひゃくじゅうしぎんこう りつりんしてん,761-8063,香川県高松市花ノ宮町1-12-12,087-831-3171,087-834-6785,riturin@114bank.co.jp,http://www.114bank.co.jp,ことでんバス 室北口バス停下車 徒歩2分,9時 〜 15時,土、日、祝,金融,34.326251,134.046647,○,　,　,○,○,　,　,　,9時 〜 15時
69,株式会社スズキ自販香川　坂出営業所,かぶしきがいしゃすずきじはんかがわ　さかいでえいぎょうしょ,762-0003,香川県坂出市久米町1丁目1-45,0877-44-3777,0877-44-3780,,http://sj-kagawa.jp/,JR坂出駅から徒歩10分、坂出市役所から徒歩3分　旧11号線沿,10時 〜18 時30分,毎週火曜日,車・自転車,34.318872,133.860521,○,　,○,　,　,　,○,　,10時 〜 18時30分
70,株式会社スズキ自販香川　善通寺営業所,かぶしきがいしゃすずきじはんかがわ　ぜんつうじえいぎょうしょ,765-0032,香川県善通寺市原田町字土居1412-1,0877-62-7321,0877-62-7326,,http://sj-kagawa.jp/,高松道善通寺ICより北に車で5分　国道319号線沿,10時 〜 18時30分,毎週火曜日,車・自転車,34.253727,133.788571,○,　,○,　,　,　,○,　,10時 〜 18時30分
71,株式会社スズキ自販香川　高松東営業所/U's STATION高松東,かぶしきがいしゃすずきじはんかがわ　たかまつひがしえいぎょうしょ　ゆうえすすていしょんたかまつひがし,761-0431,香川県高松市小村町116-1,087-840-3811,087-840-3880,,http://sj-kagawa.jp/,高松中央ICより東バイパス経由で長尾大内線バイパスを長尾方面へ車で約7分,10時 〜18 時30分,毎週火曜日　年末年始、ゴールデンウィーク、お盆,車・自転車,34.281715,134.099715,○,　,○,　,　,　,○,　,10時 〜 18時30分
72,カメラのキタムラ観音寺店,かめらのきたむらかんおんじてん,768-0012,香川県観音寺市植田町東原98-1,0875-24-3838,,,,,時 〜 時、時 〜 時、時 〜 時,正月,,34.123529,133.684703,○,　,○,　,　,　,　,　,10時〜21時
73,カメラのキタムラ高松今里店,かめらのきたむらたかまついまざとてん,760-0078,香川県高松市今里町1-28-21,087-835-0026,,,,,時 〜 時、時 〜 時、時 〜 時,正月,,34.323723,134.058755,○,　,○,　,　,　,　,　,10時〜19時
74,カメラのキタムラマリオ高松南店,かめらのきたむらまりおたかまつみなみてん,761-8056,香川県高松市上天神町188-1,087-864-3112,,,,,10時 〜 19時,正月,,34.315726,134.037731,○,　,○,　,　,　,　,　,10時〜19時
75,カメラのキタムラマリオ高松屋島店,かめらのきたむらまりおたかまつやしまてん,761-0104,香川県高松市高松町3007-19,087-841-3300,,,,,時 〜 時、時 〜 時、時 〜 時,正月,,34.339969,134.109474,○,　,○,　,　,　,　,　,10時〜21時
76,カメラのキタムラ丸亀店,かめらのきたむらまるがめてん,763-0071,香川県丸亀市田村町1313-1,0877-25-1230,,,,,時 〜 時、時 〜 時、時 〜 時,元旦・1月2日,,34.26845,133.79191,○,　,○,　,　,　,　,　,10時〜19時
77,体サポートたけだ,からださぽーとたけだ,762-0024,香川県坂出市府中町5326-4,0877-35-8422,,,http://www.karadasupport-takeda.com/sp/index.html,さぬき府中駅　鴨川駅,10時 〜 22時,日曜日　※20時以降ご希望の際は19時までにご連絡ください。,理美容・整体,34.297843,133.915657,○,　,○,　,　,　,　,　,10時 〜 19時
78,かわたうどん,かわたうどん,761-1401,香川県高松市香南町岡1358-1,087-879-8686,,,http://www.kawataudon.com/,,10時〜19時,毎週水曜日（祝日は営業）,,34.228532,134.021417,○,　,○,○,　,　,　,　,10時〜19時
79,観音寺市豊浜総合体育館（すぽっシュ豊浜）,かんおんじしとよはまそうごうたいいくかん(すぽっしゅとよはま),769-1602,香川県観音寺市豊浜町和田浜784-1,0875-56-3366,0875-56-3375,,http://www.konamisportsandlife.co.jp/trust/toyohama/,豊浜駅,平日10時 〜 23時、土日祝10時 〜 20時,火曜日,"教育, スポーツ",34.074798,133.6422,○,○,○,　,○,　,○,　,平日10時 〜 23時、土日祝10時 〜 20時
80,寒霞渓ロープーウェイ,かんかけいろーぷうぇい,761-4433,香川県小豆郡小豆島町神懸通乙168,0879-82-2171,,,http://www.kankakei.co.jp,,時 〜 時、時 〜 時、時 〜 時,無休,,34.515749,134.300689,○,　,○,　,　,　,　,　,8時30分〜17時
81,絆KIZUNA,きずな,761-8071,香川県高松市伏石町2083-15,087-867-8991,,,,,時 〜 時、時 〜 時、時 〜 時,月曜日（予約時は営業）,,34.312366,134.059783,○,　,○,　,　,　,　,　,8時〜22時
82,北浜OASIS,きたはまおあしす,760-0031,香川県高松市北浜町4-10,090-6889-2556,,,,片原町駅、高松築港駅,火水木土 13時 〜 23時、月金日 9時 〜 23時,不定休,"理美容・整体, 医療機関",34.350846,134.056848,○,○,○,　,　,○,○,　,火水木土 13時 〜 21時、月金日 11時 〜 21時
83,キッズプラザうたづ,きっずぷらざうたづ,769-0210,香川県綾歌郡宇多津町浜八番丁113番地1,0877-49-4005,,,,,9時〜17時,月曜日・祝日・12月29日〜翌1月3日,,34.311648,133.821766,○,○,○,○,　,　,　,　,9時〜17時
84,くすりのレデイ綾川店,くすりのれでいあやかわてん,761-2304,香川県綾歌郡綾川町萱原745番地1,087-876-5588,,,http://www.lady-drug.co.jp,,時 〜 時、時 〜 時、時 〜 時,無休（正月休みあり）,,34.249658,133.931557,○,　,　,○,　,　,　,　,10時〜21時
85,くすりのレデイ今里店,くすりのれでいいまざとてん,760-0078,香川県高松市今里町2丁目10-18,087-831-8100,,,http://www.lady-drug.co.jp,,時 〜 時、時 〜 時、時 〜 時,無休（正月休みあり）,,34.32527,134.064382,○,　,　,○,　,　,　,　,10時〜22時
86,くすりのレデイ宇多津店,くすりのれでいうたづてん,769-0206,香川県綾歌郡宇多津町浜六番丁83番2,0877-56-7778,,,http://www.lady-drug.co.jp,,時 〜 時、時 〜 時、時 〜 時,無休（正月休みあり）,,34.305229,133.816239,○,　,　,○,　,　,　,　,10時〜21時
87,くすりのレデイ円座店,くすりのれでいえんざてん,761-8044,香川県高松市円座町1037番地1,087-885-3700,,,http://www.lady-drug.co.jp,,時 〜 時、時 〜 時、時 〜 時,無休（正月休みあり）,,34.291162,134.009954,○,　,　,○,　,　,　,　,10時〜21時
88,くすりのレデイ扇町店,くすりのれでいおうぎまちてん,760-0013,香川県高松市扇町2丁目11番8号,087-823-8700,,,http://www.lady-drug.co.jp,,時 〜 時、時 〜 時、時 〜 時,無休（正月休みあり）,,34.345307,134.032527,○,　,　,○,　,　,　,　,9時30分〜21時
89,くすりのレデイ太田店,くすりのれでいおおたてん,761-8073,香川県高松市太田下町3007番地3,087-815-3555,,,http://www.lady-drug.co.jp,,10時〜21時,無休（正月休みあり）,,34.305435,134.051953,○,　,　,○,　,　,　,　,10時〜21時
90,くすりのレデイ春日店,くすりのれでいかすがてん,761-0101,香川県高松市春日町571番地1,087-844-1100,,,http://www.lady-drug.co.jp,,時 〜 時、時 〜 時、時 〜 時,無休（正月休みあり）,,34.324318,134.092646,○,　,　,○,　,　,　,　,10時〜21時
91,くすりのレデイ川島店,くすりのれでいかわしまてん,761-0443,香川県高松市川島東町249番地1,087-848-3377,,,http://www.lady-drug.co.jp/,,時 〜 時、時 〜 時、時 〜 時,無休（正月休みあり）,,34.277371,134.091652,○,　,　,○,　,　,　,　,10時〜20時
92,くすりのレデイ香西店,くすりのれでいこうざいてん,761-8014,香川県高松市香西南町466-1,087-881-8600,,,http://www.lady-drug.co.jp,,時 〜 時、時 〜 時、時 〜 時,無休（正月休みあり）,,34.340946,134.001196,○,　,　,○,　,　,　,　,10時〜21時
93,くすりのレデイ坂出店,くすりのれでいさかいでてん,762-0011,香川県坂出市江尻町1300-1,0877-59-3330,,,http://www.lady-drug.co.jp,,時 〜 時、時 〜 時、時 〜 時,無休（正月休みあり）,,34.3161,133.875282,○,　,　,○,　,　,　,　,9時〜20時
94,くすりのレデイ坂出南店,くすりのれでいさかいでみなみてん,762-0025,香川県坂出市川津町4894-1,0877-44-5757,,,http://www.lady-drug.co.jp,,時 〜 時、時 〜 時、時 〜 時,無休（正月休みあり）,,34.293584,133.85027,○,　,　,○,　,　,　,　,10時〜20時30分
95,くすりのレデイ志度店,くすりのれでいしどてん,769-2101,香川県さぬき市志度1020番地1,087-894-6800,,,http://www.lady-drug.co.jp/,,時 〜 時、時 〜 時、時 〜 時,無休（正月休みあり）,,34.320777,134.181988,○,　,　,○,　,　,　,　,9時30分〜21時
96,くすりのレデイ小豆島店,くすりのれでいしょうどしまてん,761-4121,香川県小豆郡土庄町淵崎甲1447番地1,0879-62-6000,,,http://www.lady-drug.co.jp,,時 〜 時、時 〜 時、時 〜 時,無休（正月休みあり）,,34.488143,134.186371,○,　,　,○,　,　,　,　,9時30分〜20時
97,くすりのレデイ善通寺店,くすりのれでいぜんつうじてん,765-0012,香川県善通寺市上吉田町564-1,0877-62-2000,,,http://www.lady-drug.co.jp,,時 〜 時、時 〜 時、時 〜 時,無休（正月休みあり）,,34.230719,133.791843,○,　,　,○,　,　,　,　,9時〜20時
98,くすりのレデイ高瀬店,くすりのれでいたかせてん,767-0001,香川県三豊市高瀬町上高瀬1455番地,0875-56-2020,,,http://www.lady-drug.co.jp,,時 〜 時、時 〜 時、時 〜 時,無休（正月休みあり）,,34.182997,133.720208,○,　,　,○,　,　,　,　,9時30分〜20時
99,くすりのレデイ高松一宮店,くすりのれでいたかまついちのみやてん,761-8084,香川県高松市一宮町字光明堂382-1,087-815-6600,,,http://www.lady-drug.co.jp,,時 〜 時、時 〜 時、時 〜 時,無休（正月休みあり）,,34.282672,134.027364,○,　,　,○,　,　,　,　,9時30分〜20時
100,くすりのレデイ長尾店,くすりのれでいながおてん,769-2302,香川県さぬき市長尾西字仲1002番地3,0879-52-2500,,,http://www.lady-drug.co.jp,,時 〜 時、時 〜 時、時 〜 時,無休（正月休みあり）,,34.264633,134.170918,○,　,　,○,　,　,　,　,10時〜20時
101,くすりのレデイ東かがわ店,くすりのれでいひがしかがわてん,769-2701,香川県東かがわ市湊817番地1,0879-26-3480,,,http://www.lady-drug.co.jp,,時 〜 時、時 〜 時、時 〜 時,無休（正月休みあり）,,34.246322,134.346313,○,　,　,○,　,　,　,　,10時〜20時
102,くすりのレデイ丸亀中央店,くすりのれでいまるがめちゅうおうてん,763-0033,香川県丸亀市中府町1丁目6番28号,0877-64-9222,,,http://www.lady-drug.co.jp,,時 〜 時、時 〜 時、時 〜 時,無休（正月休みあり）,,34.279641,133.796745,○,　,　,○,　,　,　,　,10時〜21時
103,くすりのレデイ丸亀土器店,くすりのれでいまるがめどきてん,763-0086,香川県丸亀市飯野町西分甲584番地1,0877-21-0700,,,http://www.lady-drug.co.jp,,時 〜 時、時 〜 時、時 〜 時,無休（正月休みあり）,,34.284303,133.819936,○,　,　,○,　,　,　,　,10時〜22時
104,くすりのレデイ丸亀南店,くすりのれでいまるがめみなみてん,763-0093,香川県丸亀市郡家町3295,0877-58-0818,,,http://www.lady-drug.co.jp,,時 〜 時、時 〜 時、時 〜 時,無休（正月休みあり）,,34.259521,133.81487,○,　,　,○,　,　,　,　,10時〜21時
105,くすりのレデイ牟礼店,くすりのれでいむれてん,761-0121,香川県高松市牟礼町牟礼998番地1,087-818-9100,,,http://www.lady-drug.co.jp,,時 〜 時、時 〜 時、時 〜 時,無休（正月休みあり）,,34.341885,134.131452,○,　,　,○,　,　,　,　,10時〜21時
106,くすりのレデイ屋島西店,くすりのれでいやしまにしてん,761-0113,香川県高松市屋島西町1981番地1,087-844-0600,,,http://www.lady-drug.co.jp,,時 〜 時、時 〜 時、時 〜 時,無休（正月休みあり）,,34.336736,134.09807,○,　,　,○,　,　,　,　,10時〜22時
107,クニカタコインランドリー　木太店,くにかたこいんらんどりーきたてん,760-0080,香川県高松市木太町1288-2,087-866-7811,,,,,時 〜 時、時 〜 時、時 〜 時,年中無休,,34.320773,134.071987,○,　,　,○,　,　,　,　,24時間利用可能
108,久米加株式会社　オアシス県庁前SS,くめか　おあしすけんちょうまええすえす,760-0018,香川県高松市天神前1-1,087-831-5710,,,,,8時〜20時,,,34.339983,134.047102,○,　,○,　,　,　,　,　,8時〜20時
109,久米加株式会社　オアシス松縄SS,くめか　おあしすまつなわえすえす,760-0079,香川県高松市松縄町35-7,087-866-3181,,,,,8時〜20時,,,34.322301,134.065332,○,　,○,　,　,　,　,　,8時〜20時
110,クリナップ 高松ショールーム,くりなっぷ　たかまつしょーるーむ,761-8071,香川県高松市伏石町2166-2,087-868-5077,087-868-5207,,http://cleanup.jp/,高松自動車道・高松中央I.Cより車で約5分,10時 〜 17時,水曜日、夏季・冬季休暇,住まい,34.307794,134.055981,○,○,　,　,　,　,○,　,10時 〜 17時
111,クリントピア丸亀,くりんとぴあまるがめ,763-0083,香川県丸亀市土器町北1丁目72-2,0877-56-1144,0877-56-1661,clean@chusan.or.jp,http://www.chusan.or.jp/cleantopia/,丸亀駅より徒歩２５分　宇多津駅より徒歩１５分,9時30分 〜 16時30分,月曜日、祝日、年末年始（臨時休館あり）,"教育, 見る・遊ぶ",34.308696,133.805126,○,○,○,○,○,○,　,○,9時30分 〜 16時30分
112,ケーズデンキ高松春日店,けーずでんき　たかまつかすがてん,761-0101,香川県高松市春日町151-1,087-844-8833,,,,,10時 〜 21時,1月1日,買う,34.317893,134.092918,○,○,○,○,○,　,　,○,10時 〜 21時
113,ケーズデンキ綾川店,けーずでんきあやがわてん,761-2304,香川県綾歌郡綾川町萱原541番地,087-876-8822,,,,,時 〜 時、時 〜 時、時 〜 時,1月1日,,34.251285,133.935423,○,　,○,○,　,　,　,　,10時〜21時
114,ケーズデンキ観音寺店,けーずでんきかんおんじてん,768-0067,香川県観音寺市坂本町5丁目9番60号,0875-57-6611,,,,,時 〜 時、時 〜 時、時 〜 時,1月1日,,34.123303,133.662476,○,○,○,○,　,　,　,　,10時〜21時
115,ケーズデンキ高松本店,けーずでんきたかまつほんてん,761-8076,香川県高松市多肥上町1210,087-888-7711,,,,,時 〜 時、時 〜 時、時 〜 時,1月1日,,34.294304,134.05434,○,○,○,○,　,　,　,　,10時〜21時
116,こうのとり健康鍼灸院,こうのとりけんこうしんきゅういん,767-0001,香川県三豊市高瀬町上高瀬503,090-1007-8186,,,http://wwwa.pikara.ne.jp/kounotorishinkyu/,高瀬駅から車で５分,9時 〜 18時,日曜・祝祭日・水曜,"理美容・整体, 医療機関",34.196876,133.722138,○,○,○,　,　,　,○,　,9時〜18時
117,国営讃岐まんのう公園,こくえいさぬきまんのうこうえん,766-0023,香川県仲多度郡まんのう町吉野4243-12,0877-79-1700,,,http://www.mannoukouen.go.jp/,,9時30分〜17時　季節により閉園時間は異なる,火曜日・イベント期間中は無休,,34.169107,133.879485,○,○,○,　,　,　,　,　,9時30分〜17時　季節により閉園時間は異なる
118,子育ち親育ちほっとスペース　コムコムひろば・あやうた,こそだちおやそだちほっとすぺーす　こむこむひろば・あやうた,761-2406,香川県丸亀市綾歌町栗熊東2253-3　あやうたふれあいプラザ,0877-35-7114,0877-35-7114,comcomayauta@yahoo.co.jp,http://sanukids.org/,ことでん栗熊駅,9時30分 〜 15時30分,土、日、祝日　年末年始,"見る・遊ぶ, その他",34.226679,133.884763,○,○,○,○,○,○,○,　,9時30分 〜 15時30分
119,子育て広場くすくす,こそだてひろばくすくす,765-0013,香川県善通寺市文京町2-2-2　子どもセンター内,0877-64-0580,0877-64-0580,,,善通寺駅,10時 〜 16時,土、日、祝日,複合施設,34.226469,133.787416,○,○,○,○,○,○,○,　,10時 〜 16時
120,子育てほっとステーション　ゆうゆう広場,こそだてほっとすてーしょん　ゆうゆうひろば,761-0113,高松市屋島西町2479-12,087-841-8270,,,http://yuuyuu.ciao.jp/,,時 〜 時、時 〜 時、時 〜 時,土曜日・日曜日・祝日・夏期・冬期休業,,34.353651,134.090317,○,○,○,○,　,　,　,　,9時30分〜15時30分
121,子育て“ほっと”ステーションもこもこ,こそだてほっとすてーしょんもこもこ,761-8064,香川県高松市上之町2丁目9-23,087-868-2251,,,http://my-theater.net/index.html,,,土曜日・日曜日・祝祭日,,34.321076,134.049325,○,　,○,　,　,　,　,　,10時〜16時
122,琴平町老人福祉センター,ことひらちょうろうじんふくしせんたー,766-0004,香川県仲多度郡琴平町榎井817番地9,0877-75-6718,,,http://www.town.kotohira.kagawa.jp,,8時30分〜17時15分,土曜日・日曜日・祝祭日・年末年始,,34.191825,133.823083,○,　,　,○,　,　,　,　,8時30分〜17時15分
123,コープ一宮,こーぷいちのみや,761-8084,香川県高松市一宮町長塚341,087-885-2110,,,http://www.kagawa.coop.or.jp/,,9時30分〜21時,,,34.283683,134.028609,○,　,○,　,　,　,　,　,9時30分〜21時
124,コープうたづ,こーぷうたづ,769-0205,香川県綾歌郡宇多津町浜五番丁49番地1,0877-56-7100,,,http://www.kagawa.coop.or.jp/,,9時30分〜21時,,,34.308526,133.814822,○,　,○,　,　,　,　,　,9時30分〜21時
125,コープ扇町,こーぷおうぎまち,760-0013,香川県高松市扇町2丁目360番地2,087-821-5050,,,http://www.kagawa.coop.or.jp/,,9時30分〜22時,,,34.345335,134.033105,○,　,○,　,　,　,　,　,9時30分〜22時
126,コープ太田,こーぷおおた,761-8071,香川県高松市伏石町2053-5,087-865-1500,,,http://www.kagawa.coop.or.jp/,,9時30分〜21時,,,34.315379,134.054045,○,　,○,　,　,　,　,　,9時30分〜21時
127,コープ観音寺,こーぷかんおんじ,768-0069,香川県観音寺市茂木町2丁目1-1,0875-25-6600,,,http://www.kagawa.coop.or.jp/,,10時〜21時,,,34.129988,133.664281,○,　,○,　,　,　,　,　,10時〜21時
128,コープ郡家,こーぷぐんけ,763-0093,香川県丸亀市郡家町3124-1,0877-24-7770,,,http://www.kagawa.coop.or.jp/,,時 〜 時、時 〜 時、時 〜 時,,,34.259521,133.808463,○,　,○,　,　,　,　,　,10時〜21時
129,コープ香西,こーぷこうざい,761-8012,香川県高松市香西本町96番地1,087-882-7333,,,http://www.kagawa.coop.or.jp/,,9時30分〜21時,,,34.348073,134.002377,○,　,○,　,　,　,　,　,9時30分〜21時
130,コープ坂出,こーぷさかいで,762-0046,香川県坂出市富士見町1丁目1192-1,0877-45-6100,,,http://www.kagawa.coop.or.jp/,,9時30分〜21時,,,34.308777,133.849582,○,　,○,　,　,　,　,　,9時30分〜21時
131,コープ志度,こーぷしど,769-2101,香川県さぬき市志度町志度2209,087-894-5700,,,http://www.kagawa.coop.or.jp/,,時 〜 時、時 〜 時、時 〜 時,,,34.318719,134.178171,○,　,○,　,　,　,　,　,9時30分 〜 21時
132,コープ飯山,こーぷはんざん,762-0082,香川県丸亀市飯山町川原869,0877-98-7611,,,http://www.kagawa.coop.or.jp/,,時 〜 時、時 〜 時、時 〜 時,,,34.265947,133.854419,○,　,○,　,　,　,　,　,10時〜21時
133,コープ三木,こーぷみき,761-0612,香川県木田郡三木町氷上字花丸911,087-898-8444,,,http://www.kagawa.coop.or.jp/,,10時〜21時,,,34.26326,134.134862,○,　,○,　,　,　,　,　,10時〜21時
134,コープ牟礼,こーぷむれ,761-0121,香川県高松市牟礼町牟礼994番地,087-845-1600,,,http://www.kagawa.coop.or.jp/,,9時30分〜21時,,,34.342638,134.132785,○,　,○,　,　,　,　,　,9時30分〜21時
135,コープ栗林,こーぷりつりん,760-0071,香川県高松市藤塚町3丁目17-8,087-862-6500,,,http://www.kagawa.coop.or.jp/,,9時30分〜22時,,,34.332631,134.052455,○,　,○,　,　,　,　,　,9時30分〜22時
136,中華料理　彩宴,さいえん,760-0062,香川県高松市塩上町12-1,087-833-0016,,,,,時 〜 時、時 〜 時、時 〜 時,水曜日,,34.336108,134.052618,○,　,○,　,　,　,　,　,11時30分 〜 14時、17時30分 〜 21時30分
137,坂出駅市民サービスセンター,さかいでえきしみんさーびすせんたー,762-0045,香川県坂出市元町1丁目1番1号,0877-44-5057,,,http://www.city.sakaide.lg.jp/kurasi/sisetu/servicecenter.html,,平日7時30分〜19時、土曜日・日曜日・祝日8時30分〜17時15分,12月29日〜1月3日,,34.31319,133.856267,○,　,○,　,　,　,　,　,平日7時30分〜19時、土曜日・日曜日・祝日8時30分〜17時15分
138,坂出緩衝緑地（番の州公園）,さかいでかんしょうりょくち　ばんのすこうえん,762-0063,香川県坂出市番の州公園5番地,0877-45-6820,,,http://www15.ocn.ne.jp/~kanryoku/,,時 〜 時、時 〜 時、時 〜 時,年末年始のみ,,34.324357,133.832376,○,　,○,　,　,　,　,　,8時〜18時
139,坂出グランドホテル,さかいでぐらんどほてる,762-0053,香川県坂出市西大浜北1丁目2番33号,0877-44-1000,,,http://www.sakaide-grandhotel.jp,,24時間営業,年中無休,,34.322937,133.847246,○,　,○,　,　,　,　,　,24時間営業
140,さかいで子育て支援センター　まろっ子ひろば,さかいでこそだてしえんせんたー　まろっこひろば,762-0012,香川県坂出市林田町1960-6,0877-35-8119,0877-35-8151,marokko@sakaide-kosodate.com,http://www.sakaide-kosodate.com/marokko/,坂出市王越線（バス）,9時 〜 17時,毎週土曜日,見る・遊ぶ,34.326663,133.888494,○,○,○,○,○,○,○,　,9時 〜 17時
141,坂出市教育会館,さかいでしきょういくかいかん,762-0003,香川県坂出市久米町1-18-20,0877-44-5024,,,http://www.city.sakaide.lg.jp/kurasi/sisetu/fureai.html,,8時30分〜17時15分,土曜日・日曜日・祝日,,34.320108,133.858452,○,　,○,　,　,　,　,　,8時30分〜17時15分
142,坂出市役所　庁舎,さかいでしやくしょちょうしゃ,762-8601,香川県坂出市室町2丁目3番5号,0877-44-5007,,,http://www.city.sakaide.lg.jp/index.html,,8時30分〜17時15分,土曜日・日曜日・祝日,,34.316369,133.860643,○,　,　,○,　,　,　,　,8時30分〜17時15分
143,坂出市立大橋記念図書館,さかいでしりつおおはしきねんとしょかん,762-0043,香川県坂出市寿町1丁目3番10号,0877-45-6677,,,http://www.city.sakaide.lg.jp/site/toshokan-top/lib-kosodate.html,,火曜日〜金曜日9時〜18時、土曜日・日曜日・祝日9時〜17時,月曜日(国民の祝日が月曜日のときは、最も近い休日でない日が休館）館内整理日（毎月月末、ただし月末が土日の場合は金曜日）館内特別整理（10月）年度末整理日3月31日、年末年始12月29日〜1月4日,,34.313997,133.849211,○,○,○,○,　,　,　,　,火曜日〜金曜日9時〜18時、土曜日・日曜日・祝日9時〜17時
144,坂出市立体育館,さかいでしりつたいいくかん,762-0002,香川県坂出市入船町2丁目1番59号,0877-45-6670,,,http://www.city.sakaide.lg.jp/kurasi/sisetu/taiikukan.html,,9時〜21時,毎週月曜日（ただし月曜日が祝日のときは翌日とする。）12月28日〜1月5日は休館日,,34.32326,133.857768,○,　,○,　,　,　,　,　,9時〜21時
145,さかえドライ　三条店,さかえどらい　さんじょうてん,761-8072,香川県高松市三条町88-1,087-800-7259,,,http://www.sakaedry.co.jp/,塩江街道沿い東バイパスより北へすぐ,8時〜20時、日祝9時〜20時,年中無休,クリーニング,34.313843,134.045295,○,　,　,○,　,　,　,　,7時〜22時
146,さかえドライ　コインランドリー　屋島東店,さかえどらいこいんらんどりーやしまひがしてん,761-0104,香川県高松市高松町2373-15,087-806-1234,,,http://www.sakaedry.co.jp/,,6時〜22時,年中無休,,34.340252,134.11459,○,　,　,○,　,　,　,　,6時〜22時
147,さかえドライ　コインランドリー　レインボーロード店,さかえどらいこいんらんどりーれいんぼーろーどてん,761-8075,香川県高松市多肥下町1579-3,087-869-3174,,,http://www.sakaedry.co.jp/,,7時〜22時,年中無休,クリーニング,34.298784,134.057662,○,　,　,○,　,　,　,　,7時〜22時
148,さかえドライ　国分寺店,さかえどらいこくぶんじてん,769-0101,香川県高松市国分寺町新居1258-3,087-874-5232,,,http://www.sakaedry.co.jp/,高松市役所国分寺支所　向い側,平日8時〜20時、日祝9時〜20時,年中無休,クリーニング,34.295256,133.961091,○,　,　,○,　,　,　,　,6時〜23時
149,さかえドライ　古高松店,さかえどらいふるたかまつてん,761-0102,香川県高松市新田町甲428-3,087-844-3960,,,http://www.sakaedry.co.jp/,塩江屋島西線沿い,平日8時〜20時、日祝9時〜20時,年中無休,クリーニング,34.329837,134.105327,○,　,　,○,　,　,　,　,7時〜22時
150,さかえドライ　仏生山東店,さかえどらいぶっしょうざんひがしてん,761-8077,香川県高松市出作町311-1,087-888-2597,,,http://www.sakaedry.co.jp/,コトデン仏生山駅,平日8時〜21時、日祝9時〜21時,無休,クリーニング,34.284119,134.050332,○,　,　,○,　,　,　,　,7時〜22時
151,坂手公民館,さかてこうみんかん,761-4425,香川県小豆郡小豆島町坂手甲1834-6,0879-82-0248,,,,,8時30分〜22時,日曜日・祝日・年末年始,,34.457034,134.321577,○,　,○,　,　,　,　,　,8時30分〜22時
152,サクラ美容室,さくらびようしつ,762-0012,香川県坂出市林田町3302-8,0877-47-1408,,,,,時 〜 時、時 〜 時、時 〜 時,,,34.334501,133.885288,　,　,○,○,　,　,　,　,8時30分〜18時
153,寿司処　さとし,さとし,761-0121,香川県高松市牟礼町牟礼1128‐1,087-845-1654,,,,,時 〜 時、時 〜 時、時 〜 時,,,34.340227,134.13541,○,○,　,　,　,　,　,　,11時〜14時、17時〜23時
154,さぬき空港公園,さぬきくうこうこうえん,761-1402,香川県高松市香南町由佐2953-1,087-879-8510,087-879-7439,info@sanuki-airport-park.com,http://sanuki-airport-park.com,高松空港より徒歩10分,9時〜17時,年末年始（左記に加えグラススキー場は木曜日・但し夏休み期間等は開園します。）,スポーツ,34.220659,134.015988,○,○,○,○,○,　,○,　,9時〜17時
155,さぬきこどもの国,さぬきこどものくに,761-1402,香川県高松市香南町由佐3209,087-879-0500,087-879-0396,,http://www.sanuki.or.jp/,高松市内中心部から車で35分。土、日、祝、休日に高松空港からお越しの方はこどもの国までご連絡ください。,9時 〜17 時（夏休み期間中は18時まで）,月曜日（月曜日が祝日の場合は翌日）・年末年始・9月の第1月曜から４日間・ただしGW、長期休暇期間中は無休,"教育, 見る・遊ぶ, 複合施設, その他",34.212165,134.017251,○,○,○,○,○,○,○,○,9時〜17時
156,さぬき市寒川庁舎,さぬきしさんがわちょうしゃ,769-2321,香川県さぬき市寒川町石田東甲935,0879-26-9902(福祉総務課),0879-26-9945,fukushisomu@city.sanuki.lg.jp,https://www.city.sanuki.kagawa.jp/,JR神前駅より徒歩約15分　大川バス引田線「さぬき市民病院前」下車徒歩約5分,8時30分 〜 17時15分,土曜・日曜・祝日・年末年始,その他,34.237913,134.214721,○,○,○,○,○,○,○,　,8時30分 〜 17時15分
157,さぬき市寒川図書館,さぬきしさんがわとしょかん,769-2321,香川県さぬき市寒川町石田東甲329番地,0879-43-6930,,,http://www.library.city.sanuki.kagawa.jp/index.html,,10時〜18時,月曜日・祝日・年末年始・毎月月末・特別資料整理期間（9月に1週間程度）,,34.267233,134.203486,○,　,　,○,　,　,　,　,10時〜18時
158,さぬき市志度図書館,さぬきししどとしょかん,769-2101,香川県さぬき市志度561番地1,087-814-2678,,,http://www.library.city.sanuki.kagawa.jp/index.html,,10時〜18時,月曜日・祝日・年末年始・毎月月末（ただし月末が土曜日・日曜日の場合は開館し、代わりにその週の金曜日に休館）・特別資料整理期間（9月に1週間程度）,,34.323498,134.173835,○,○,○,○,　,　,　,　,10時〜18時
159,さぬき市民病院,さぬきしみんびょういん,769-2321,香川県さぬき市寒川町石田東甲387-1,0879-43-2521,0879-43-6469,hp.somu@city.sanuki.lg.jp,https://www.city.sanuki.kagawa.jp/hospital,JR神前駅より徒歩約40分　大川バス引田線「さぬき市民病院前」下車,8時30分 〜 17時,日曜日・土曜日・祝日・1月2日及び同月3日・12月29日から同月31日まで,医療機関,34.267158,134.202067,○,○,　,○,○,○,○,　,8時30分 〜 17時
160,さぬき市役所,さぬきしやくしょ,769-2101,香川県さぬき市志度5385-8,0879-894-1111 代表(総務課),0879-894-4440,somu@city.sanuki.lg.jp,https://www.city.sanuki.kagawa.jp/,琴電志度駅より徒歩約4分　JR志度駅より徒歩約5分,8時30分 〜 17時15分,土曜・日曜・祝日・年末年始,その他,34.325307,134.172101,○,　,　,○,○,　,○,　,8時30分 〜 17時15分
161,特定非営利活動法人　さぬきっずコムシアター（コムコムひろば）,さぬきっずこむしあたー(こむこむひろば),763-0082,香川県丸亀市土器町東二丁目248番地,0877-25-0691,0877-25-0691,kgkagawa@io.ocn.ne.jp,http://www.sanukids-com.com/,JR宇多津駅より徒歩15分,9時 〜 16時,土・日曜日、祝日,その他,34.285038,133.81633,○,○,○,　,　,○,○,○,9時 〜 16時
162,さぬき料理　花太鼓,さぬきりょうり　はなだいこ,761-0301,香川県高松市林町1208,087-867-2292,,,,,時 〜 時、時 〜 時、時 〜 時,年中無休,,34.299887,134.073452,○,○,○,　,　,　,　,　,11時〜23時
163,サン・アンジェリーナ,さんあんじぇりーな,769-0210,香川県綾歌郡宇多津町,0877-46-2000,,,http://www.saint-angelina.com,,10時〜21時30分,無休,,34.32001,133.830963,○,○,○,○,　,　,　,　,10時〜21時30分
164,サンクリスタル高松,さんくりすたるたかまつ,760-0014,香川県高松市昭和町1丁目2-20,087-861-4501,,,http://library.city.takamatsu.kagawa.jp/,,"平日9時30分〜19時,土曜日・日曜日・祝日9時30分〜17時",祝日でない月曜日（その他月末休館・年末年始休館等有）,,34.343974,134.034374,○,○,○,○,　,　,　,　,"平日9時30分〜19時,土曜日・日曜日・祝日9時30分〜17時"
165,サンサン館みき,さんさんかんみき,761-0612,香川県木田郡三木町氷上2940番地1,087-891-0333,,,http://www.sansankanmiki.jp/,,9時〜22時、日曜日9時〜19時,火曜日,食べる,34.253386,134.135066,○,○,　,○,　,　,　,　,9時〜22時、日曜日9時〜19時
166,HandmadeBurger&Cafe SANTA'S DINER（サンタズダイナー）,さんたずだいなー,761-0113,香川県高松市屋島西町2506-17,087-816-0889,,,http://homepage3.nifty.com/0889/,,11時〜20時,毎週火曜日,,34.34717,134.092007,○,　,○,○,　,　,　,　,11時〜20時
167,サンメッセ香川,さんめっせかがわ,761-0301,香川県高松市林町2217-1,087-869-3333,087-869-3336,,http://www.sunmesse.com/,バス：サンメッセ・川島・西植田線「サンメッセ香川」下車すぐ,9時 〜 21時,年中無休（施設点検にて臨時休館あり）,その他,34.295376,134.071366,○,○,○,　,○,○,　,○,9時 〜 21時
168,ザグザグ上福岡店,ざぐざぐかみふくおかてん,760-0077,香川県高松市上福岡町769-1,087-812-0377,,,http://www.zagzag.co.jp,,時 〜 時、時 〜 時、時 〜 時,年中無休,,34.332322,134.068315,○,　,○,○,　,　,　,　,9時〜22時
169,ザグザグ川西店,ざぐざぐかわにしてん,763-0092,香川県丸亀市川西町南428-3,0877-58-6221,,,http://www.zagzag.co.jp,,9時〜22時,無休,,34.252447,133.829681,　,　,○,○,　,　,　,　,9時〜22時
170,ザグザグ鬼無店,ざぐざぐきなしてん,761-8023,香川県高松市鬼無町佐藤54-1,087-832-8220,,,http://www.zagzag.co.jp,,時 〜 時、時 〜 時、時 〜 時,年中無休,,34.329127,133.994506,○,　,○,○,　,　,　,　,9時〜21時45分
171,ザグザグ檀紙北店,ざぐざぐだんしきたてん,761-8033,香川県高松市飯田町30,087-870-5523,,,http://www.zagzag.co.jp,,時 〜 時、時 〜 時、時 〜 時,年中無休,,34.313315,133.999684,○,　,○,○,　,　,　,　,9時〜22時
172,ザグザグ中央インター店,ざぐざぐちゅうおういんたーてん,760-0080,香川県高松市木太町597,087-815-3977,,,http://www.zagzag.co.jp,,時 〜 時、時 〜 時、時 〜 時,年中無休,,34.310505,134.073968,○,　,○,○,　,　,　,　,9時〜22時
173,ザグザグ土庄店,ざぐざぐとのしょうてん,761-4100,香川県小豆郡土庄町字王子前甲36-1,0879-61-1666,,,http://www.zagzag.co.jp,,時 〜 時、時 〜 時、時 〜 時,無休,,34.482334,134.18821,○,　,○,○,　,　,　,　,9時〜22時
174,ザグザグ蓬莱店,ざぐざぐほうらいてん,763-0062,香川県丸亀市蓬莱町56-1,0877-58-2339,,,http://www.zagzag.co.jp,,10時〜22時,無休,,34.293897,133.78403,○,　,○,○,　,　,　,　,10時〜22時
175,ザグザグ丸亀バサラ店,ざぐざぐまるがめばさらてん,763-0072,丸亀市山北町50-1,0877-58-0822,,,http://www.zagzag.co.jp,,9時〜22時,無休,,34.269093,133.79999,○,　,○,　,　,　,　,　,9時〜22時
176,ザグザグ六条店,ざぐざぐろくじょうてん,761-0303,香川県高松市六条町47,087-840-7787,,,http://www.zagzag.co.jp,,時 〜 時、時 〜 時、時 〜 時,年中無休,,34.294454,134.087708,○,　,○,　,　,　,　,　,9時〜22時
177,chez Mo〜ry　シェモーリー,しぇもーりー,769-0204,香川県綾歌郡宇多津町浜四番丁46-31,0877-56-7656,,,,,10時〜18時30分,火曜日（祝日の場合は水曜日）,,34.309729,133.814839,　,　,○,○,　,　,　,　,10時〜18時30分
178,Cion,しおん,769-0204,香川県綾歌郡宇多津町浜四番丁45番17号,0877-49-6550,,cion.utadu@gmail.com,,宇多津駅,11時〜19時,日・祝日,,34.31031,133.81422,○,○,,,,,,,11時〜19時
179,四国医療専門学校・附属施術所（鍼灸治療院・接骨院）,しこくいりょうせんもんがっこう・ふぞくせじゅつしょ(しんきゅうちりょういん・せっこついん),769-0205,香川県綾歌郡宇多津町浜五番丁62-1,0877-41-2323,0877-41-2321,hello@459.ac.jp,http://www.459.ac.jp/,JR宇多津駅（徒歩5分）,9時 〜 18時,土日祝・年末年始・お盆,教育,34.303132,133.808968,○,○,○,○,○,○,　,　,9時 〜 18時
180,四国ガス　ショールーム　ガス生活館　ピポット高松,しこくがすしょーるーむ　がすせいかつかん　ぴぽっとたかまつ,760-0067,香川県高松市松福町1-13-30,087-821-0248,,,http://www.shikoku-gas.co.jp/,,10時〜18時,水曜日,,34.34378,134.059307,○,○,○,○,　,　,　,　,10時〜18時
181,小豆島オリーブ園,しょうどしまおりーぶえん,761-4434,香川県小豆郡小豆島町西村甲2171,0879-82-4260,,,http://www.1st-olive.com/,,8時30分〜17時,年中無休,,34.470841,134.270516,○,　,○,○,　,　,　,　,8時30分〜17時
182,小豆島国際ホテル,しょうどしまこくさいほてる,761-4101,香川県小豆郡土庄町甲24番地67,0879-62-2111,,,http://www.shodoshima-kh.jp,,時 〜 時、時 〜 時、時 〜 時,なし,,34.478982,134.188012,○,　,　,○,　,　,　,　,終日
183,小豆島町児童館,しょうどしまちょうじどうかん,761-4301,香川県小豆郡小豆島町池田1123,0879-75-2082,0879-75-2705,olive-r1@town.shodoshima.lg.jp,,,8時30分 〜 12時30分、13時 〜 17時,,"見る・遊ぶ, スポーツ, 通信・情報, 複合施設",34.479732,134.232215,○,○,　,　,　,○,○,　,9時 〜 12時、13時 〜 17時
184,小豆島町役場内海庁舎,しょうどしまちょうやくばうちのみちょうしゃ,761-4411,香川県小豆郡小豆島町安田甲144-90,0879-82-7001,,,,,8時30分〜17時15分,日曜日・祝日・年末年始（ただし、設備は利用可能）,,34.478432,134.314624,○,　,○,○,　,　,　,　,8時30分〜17時15分
185,小豆島町立図書館,しょうどしまちょうりつとしょかん,761-4411,香川県小豆郡小豆島町安田甲24-1,0879-82-0291,,,,,10時〜18時,月曜日（祝日と重なる時は翌日も休み）、毎月の末日、国民の祝日、年末年始,,34.478607,134.316452,○,　,○,　,　,　,　,　,10時〜18時
186,小豆島ふるさと村,しょうどしまふるさとむら,761-4304,香川県小豆郡小豆島町室生2084-1,0879-75-2266,,,http://www.shodoshima.jp/,,授乳の場（8時30分〜17時30分）、道の駅トイレ（24時間）,年中無休,,34.472755,134.238373,○,○,○,　,　,　,　,　,授乳の場（8時30分〜17時30分）、道の駅トイレ（24時間）
187,白鳥温泉,しろとりおんせん,769-2714,香川県東かがわ市入野山465番地,0879-27-2236,,,http://www.shikoku.ne.jp/shirotori/,,10時〜21時,年中無休　※施設点検の為休館する場合があります,,34.19163,134.284304,○,　,　,○,　,　,　,　,10時〜21時
188,白鳥中央公園体育館,しろとりちゅうこうこうえんたいいくかん,769-2704,香川県東かがわ市帰来1101番地,0879-24-1522,,,http://hksz.or.jp/index.php?id=80,,8時30分〜22時,火曜日・年末年始,,34.231316,134.371317,　,　,○,○,　,　,　,　,8時30分〜22時
189,しろとり動物園,しろとりどうぶつえん,769-2702,香川県東かがわ市松原2111,0879-25-0998,,,http://user.shikoku.ne.jp/zoo/,,9時〜17時,無休,,34.249156,134.385223,○,○,　,　,　,　,　,　,9時〜17時
190,ジェムスクール観音寺駅前校,じぇむすくーるかんおんじえきまえこう,768-0072,香川県観音寺市栄町1-4-10,0875-24-5321,0875-24-5318,,http://www.gemschool.com,JR観音寺駅,10時〜21時（月〜金）、10時〜17時30分（土）,日曜日,教育,34.123817,133.653348,○,○,○,○,　,○,○,　,10時〜22時（ただし教室が開いている時間に限る）
191,ジェムスクール坂出校,じぇむすくーるさかいでこう,762-0001,香川県坂出市京町3-7-25　ルミナスMIZUHO京町1F,0877-45-5345,,,http://www.gemschool.com,JR坂出駅,17時 〜 21時（火）、15時 〜 21時（水〜金）、10時 〜 16時（土）,日曜日・月曜日,教育,34.318374,133.85915,○,○,　,○,　,○,○,　,火曜〜金曜日：15時〜21時　土曜日：12時30分〜16時
192,ジェムスクール高松国分寺校,じぇむすくーるたかまつこくぶんじこう,769-0101,香川県高松市国分寺町新居1182-2,087-875-0611,,,http://www.gemschool.com,JR端岡駅,15時 〜 21時（火〜金）、9時 〜 16時（土）,日曜日・月曜日,教育,34.311484,133.971601,○,○,　,○,　,○,○,　,火曜〜金曜日：15時〜21時　土曜日：10時〜12時30分
193,ジェムスクール高松屋島校,じぇむすくーるたかまつやしまこう,761-0104,香川県高松市高松町2412-10,087-843-1168,,,http://www.gemschool.com,琴電古高松駅,15時 〜 21時（火〜金）、10時 〜 16時（土）,日曜日・月曜日,教育,34.341077,134.113024,○,○,　,○,　,○,○,　,火曜日・水曜日15時〜19時、金曜日10時〜12時、15時30分〜19時、土曜日9時〜16時
194,ジョイフル宇多津店,じょいふるうたづてん,769-0224,香川県綾歌郡宇多津町字平山2628-705,0877-41-9628,,,http://www.joyfull.co.jp,,0時〜24時,なし,,34.31565,133.823495,　,　,○,○,　,　,　,　,0時〜24時
195,ジョイフル上天神店,じょいふるかみてんじんてん,761-8056,香川県高松市上天神町283-1,087-815-0300,,,,,時 〜 時、時 〜 時、時 〜 時,なし,,34.315732,134.039037,　,　,○,○,　,　,　,　,0時〜24時（24時間営業）
196,ジョイフル上福岡店,じょいふるかみふくおかてん,760-0077,香川県高松市上福岡町985-1,087-832-0566,,,http://www.joyfull.co.jp/,,時 〜 時、時 〜 時、時 〜 時,なし,,34.328617,134.064343,　,　,○,○,　,　,　,　,0時〜24時（24時間営業）
197,ジョイフル国分寺店,じょいふるこくぶんじてん,769-0101,香川県高松市国分寺町新居290-1,087-870-6277,,,http://www.joyfull.co.jp/,,時 〜 時、時 〜 時、時 〜 時,なし,,34.303105,133.971823,　,　,○,○,　,　,　,　,10時〜翌3時
198,ジョイフル坂出駅前店,じょいふるさかいでえきまえてん,762-0032,香川県坂出市駒止町1-3742-3,0877-45-5615,,,http://www.joyfull.co.jp/,,時 〜 時、時 〜 時、時 〜 時,なし,,34.312681,133.85558,　,　,○,○,　,　,　,　,0時〜24時
199,ジョイフル三条店,じょいふるさんじょうてん,761-8072,高松市三条町238-1,087-864-5355,,,http://www.joyfull.co.jp/,,時 〜 時、時 〜 時、時 〜 時,なし,,34.313074,134.045534,　,　,○,○,　,　,　,　,0時〜24時（24時間営業）
200,ジョイフル多度津店,じょいふるたどつてん,764-0022,香川県仲多度郡多度津町北鴨3-3-43,0877-58-5818,,,http://www.joyfull.co.jp,,時 〜 時、時 〜 時、時 〜 時,なし,,34.277968,133.764329,　,　,○,○,　,　,　,　,0時〜24時
201,すくすくセンター,すくすくせんたー,769-1602,香川県観音寺市豊浜町和田浜1531-1,0875-52-1266,,,,,時 〜 時、時 〜 時、時 〜 時,土曜日・日曜日・祝日及び12月29日から1月3日、ただし土曜日・日曜日でも開所時は利用可能,,34.074317,133.636395,○,○,○,○,　,　,　,　,8時30分〜17時15分
202,スズキアリーナ大内,すずきありーなおおうち,769-2512,香川県東かがわ市落合448-1,0879-25-6011,0879-25-6028,,http://sj-kagawa.jp/,高松自動車道津田ICより東へ車で10分　JR三本松駅より西へ2km　国道11号線沿い南側,10時 〜 18時30分,ショールーム、サービス工場共『火曜日定休日』とさせていただきます。,車・自転車,34.250887,134.316394,○,　,○,　,　,　,○,　,10時 〜 18時30分
203,スズキアリーナ観音寺,すずきありーなかんおんじ,768-0011,香川県観音寺市出作町517-1,0875-62-3167,0875-62-3801,,http://sj-kagawa.jp/,大野原ICから高松方面にむけて車で10分。11号線沿い将八うどん前。,10時 〜 18時30分,ショールーム、サービス工場共『火曜日定休日』とさせていただきます。,車・自転車,34.116668,133.675119,○,　,○,　,　,　,○,　,10時 〜 18時30分
204,スズキアリーナ空港通り,すずきありーなくうこうどおり,761-1701,香川県高松市香川町大野721-1,087-840-1701,087-840-1702,,http://sj-kagawa.jp/,JR高松駅より空港通りを南へ車で30分　高松空港より北へ車で10分　高松西ICより車で20分,10時 〜 18時30分,火曜日,車・自転車,34.261524,134.028557,○,　,○,　,　,　,○,　,10時 〜 18時30分
205,スズキアリーナ高松　本社サービス工場,すずきありーなたかまつ　ほんしゃさーびすこうじょう,761-8041,香川県高松市檀紙町1225-1,087-885-2984,087-885-2979,,http://sj-kagawa.jp/,JR高松駅より車で25分　高松自動車道高松西ICより車で5分,10時 〜18 時30分,毎週火曜日、GW、お盆、年末年始,車・自転車,34.305891,134.005823,○,　,○,　,　,　,○,　,10時 〜 18時30分
206,スズキアリーナ高松林,すずきありーなたかまつはやし,761-0301,香川県高松市林町1346-1,087-867-5330,087-867-9333,,http://sj-kagawa.jp/,国道11号線東バイパス沿　高松中央ICより高架沿、東へ400m　営業所近辺【西側：ニッコータウン、東側：スーパーオートバックス】,10時 〜 18時30分,毎週火曜日、年末年始、ゴールデンウィーク、お盆,車・自転車,34.303644,134.078357,○,　,○,　,　,　,○,　,10時 〜 18時30分
207,スズキアリーナ屋島,すずきありーなやしま,761-0104,香川県高松市高松町3008-10,087-843-4700,087-843-4787,,http://sj-kagawa.jp/,県道中新線155号線の馬場先停車場より北東方向に徒歩5分。国道11号線の高松町交差点を東へ100メートル。,10時 〜 18時30分,毎週火曜日、GW、お盆、年末年始,車・自転車,34.339394,134.108638,○,　,○,　,　,　,○,　,10時 〜18 時30分
208,スタイルラボ高松,すたいるらぼたかまつ,760-0079,香川県高松市松縄町1022-4　ビューティーリゾートアイリス2F,087-869-9037,,stylelabo-takamatu@hotmail.co.jp,http://stylelabo-takamatu.com/,琴電　三条駅 or 林道駅,9時 〜 19時（月〜金）、9時 〜 13時（土）,日、祝,"理美容・整体, その他",34.319032,134.061927,○,○,　,　,　,○,○,　,9時 〜 19時（月〜金）、9時 〜 13時（土）
209,すたみなバイキング宇多津店,すたみなばいきんぐうたづてん,769-0204,香川県綾歌郡宇多津町浜四番丁45-7,0877-59-9557,,,,,時 〜 時、時 〜 時、時 〜 時,なし,,34.31207,133.815089,○,　,○,　,　,　,　,　,10時〜23時
210,スマイル・ステーション株式会社,すまいるすてーしょんかぶしきがいしゃ,761-0113,香川県高松市屋島西町2484ｰ11,087ｰ843-1888,087-843-1988,web@terminal-jinzai.com,https://www.smilestation-kagawa.com/,高松琴平電気鉄道志度線（潟元駅）,9時 〜 18時,土日祝,"教育, その他",34.351045,134.088913,○,　,○,　,　,○,○,○,9時 〜 18時
211,スーパーセンター宇多津店,すーぱーせんたーうたづてん,769-0210,香川県綾歌郡宇多津町,0877-56-7833,,,http://www.marunaka.net/,,時 〜 時、時 〜 時、時 〜 時,なし,,34.313789,133.830577,○,○,○,○,　,　,　,　,9時30分〜22時
212,社会福祉法人誠心会　誠心保育園,せいしんかい　せいしんほいくえん,763-0093,香川県丸亀市郡家町2473-1,0877-24-1777,,,http://www18.ocn.ne.jp/~seiho/,,9時〜16時,土曜日・日曜日・祝日,,34.260448,133.812552,○,○,○,　,　,　,　,　,9時〜16時
213,瀬戸大橋記念公園及び瀬戸大橋記念館,せとおおはしきねんこうえんおよびせとおおはしきねんかん,762-0065,香川県坂出市番の州緑町6番13,0877-45-2344,,,http://www.setoohhashi.com/,,9時〜17時,月曜日(祝日の場合は翌日）・12月29日〜31日　ただしＧＷ・夏休みは開館,,34.352689,133.826128,○,○,○,○,　,　,　,　,9時〜17時
214,善通寺グランドホテル,ぜんつうじぐらんどほてる,765-0011,香川県善通寺市上吉田町8−8−5,0877-63-2111,,,,,,,,34.230968,133.778656,○,　,○,　,　,　,　,　,24時間
215,善通寺市子ども・家庭支援センター,ぜんつうじしこどもかていしえんせんたー,765-0014,香川県善通寺市文京町2丁目2番2号,0877-63-6365,,,http://www.z-city.or.jp/kosodate/,,時 〜 時、時 〜 時、時 〜 時,土曜日・日曜日・祝日・年末年始,,34.226469,133.787416,○,　,　,○,　,　,　,　,8時30分〜17時15分
216,太洋ボウル,たいようぼうる,760-0055,香川県高松市観光通2-10-15,087-833-0300,,,,,時 〜 時、時 〜 時、時 〜 時,,,34.335536,134.05819,○,　,○,　,　,　,　,　,9時〜24時
217,高瀬パーキングエリア下り線,たかせぱーきんぐえりあくだりせん,767-0012,香川県三豊市高瀬町大字上勝間字平池2170-4,-,,,http://corp.w-nexco.co.jp/,,24時間（無人・清掃時を除く）,なし,交通,34.180541,133.734728,○,　,○,○,○,　,　,　,24時間（無人・清掃時を除く）
218,高瀬パーキングエリア上り線,たかせぱーきんぐえりあのぼりせん,767-0012,香川県三豊市高瀬町大字上勝間字平池2166-6,-,,,http://corp.w-nexco.co.jp/,,24時間（無人・清掃時間除く）,なし,交通,34.18161,133.734005,○,　,○,○,○,　,　,　,24時間（無人・清掃時を除く）
219,高松国際ホテル,たかまつこくさいほてる,760-0080,香川県高松市木太町2191-1,087-831-1511,,,http://tkh.anabuki-enter.jp/index.html,,時 〜 時、時 〜 時、時 〜 時,,,34.333667,134.07097,○,　,○,○,　,　,　,　,-
220,高松市浅野児童館,たかまつしあさのじどうかん,761-1703,香川県高松市香川町浅野826-8,087-888-2746,,,,,9時30分〜17時,月曜日（休日の場合は・以後の最も近い休日でない日）12月29日〜1月3日,,34.25642,134.035592,○,　,○,　,　,　,　,　,9時30分〜17時
221,高松市庵治支所,たかまつしあじししょ,761-0130,香川県高松市庵治町6393-5,087-871-3111,,,,,8時30分〜17時15分,土曜日・日曜日・祝祭日,,34.384036,134.126594,○,　,　,○,　,　,　,　,8時30分〜17時15分
222,高松市石の民俗資料館,たかまつしいしのみんぞくしりょうかん,761-0121,香川県高松市牟礼町牟礼1810,087-845-8484,,,http://www.city.takamatsu.kagawa.jp/9658.html,,9時〜17時,月曜日（月曜日が祝日の場合は次の平日）年末・年始,,34.352706,134.134052,○,○,○,○,　,　,　,　,9時〜17時
223,高松市一宮コミュニティセンター,たかまつしいちのみやこみゅにてぃせんたー,761-8084,香川県高松市一宮町838-1,087-886-4793,,,,,時 〜 時、時 〜 時、時 〜 時,祝日・年末年始・その他センターが定める日,,34.290704,134.028947,○,　,　,○,　,　,　,　,"9時〜22時,日曜日9時〜17時,図書室9時30分〜17時"
224,高松市大野コミュニティセンター,たかまつしおおのこみゅにてぃせんたー,761-1701,香川県高松市香川町大野1329-1,087-886-1960,,,,,時 〜 時、時 〜 時、時 〜 時,祝日・年末年始（12月29日〜1月3日）,,34.267198,134.024684,○,○,○,　,　,　,　,　,"月曜日〜土曜日9時〜22時,日曜日9時〜17時"
225,高松市大町コミュニティセンター,たかまつしおおまちこみゅにてぃせんたー,761-0122,香川県高松市牟礼町牟礼大町1463-2,087-870-1306,,,http://wwwc.pikara.ne.jp/murecomm/,,時 〜 時、時 〜 時、時 〜 時,祝祭日・年末年始,,34.336133,134.142693,○,　,○,○,　,　,　,　,9時〜22時　日曜日は17時まで
226,高松市香川支所,たかまつしかがわししょ,761-1706,香川県高松市香川町川東上1865-13,087-879-3211,,,,,時 〜 時、時 〜 時、時 〜 時,土曜日・日曜日・祝日,,34.241478,134.034445,○,　,　,○,　,　,　,　,8時30分〜17時15分
227,高松市川添コミュニティセンター,たかまつしかわぞえこみゅにてぃせんたー,761-0311,香川県高松市元山町136-4,087-847-5979,,,,,時 〜 時、時 〜 時、時 〜 時,祝祭日・年末年始休業日,,34.307002,134.089486,○,　,　,○,　,　,　,　,9時〜22時
228,高松市川東児童館,たかまつしかわひがしじどうかん,761-1706,香川県高松市香川町川東上1747-6,087-879-6638,,,,,9時30分〜18時（ただし土曜日・長期休業中は8時30分〜18時）,日曜日・休日・12月29日〜1月3日,,34.23885,134.034307,○,　,○,　,　,　,　,　,9時30分〜18時（ただし土曜日・長期休業中は8時30分〜18時）
229,高松市環境業務センター,たかまつしかんきょうぎょうむせんたー,760-0080,香川県高松市木太町2282-1,087-834-0389,,,http://www.city.takamatsu.kagawa.jp/,,8時〜16時45分,土曜日・日曜日・祝日,,34.338897,134.072164,○,　,　,○,　,　,　,　,8時〜16時45分
230,高松市木太南コミュニティセンター,たかまつしきたみなみこみゅにてぃせんたー,760-0080,香川県高松市木太町1486,087-865-4273,,,,,時 〜 時、時 〜 時、時 〜 時,祭日・年末年始,,34.31929,134.076131,○,○,　,　,　,　,　,　,9時〜22時
231,高松市香西コミュニティセンター,たかまつしこうざいこみゅにてぃせんたー,761-8012,香川県高松市香西本町476-1,087-882-0294,,,,,時 〜 時、時 〜 時、時 〜 時,祝祭日・年末年始,,34.346906,133.9963,○,　,　,○,　,　,　,　,9時〜22時
232,高松市国分児童館,たかまつしこくぶじどうかん,769-0102,香川県高松市国分寺町国分2150-7,087-874-3830,,,,,9時30分〜18時（ただし土曜日・長期休業中は8時30分〜18時）,日曜日・休日・12月29日〜1月3日,,34.302941,133.94647,○,　,○,　,　,　,　,　,9時30分〜18時（ただし土曜日・長期休業中は8時30分〜18時）
233,高松市国分寺南部コミュニティセンター,たかまつしこくぶんじなんぶこみゅにてぃせんたー,769-0103,香川県高松市国分寺町福家甲3106-3,087-874-1116,,,,,時 〜 時、時 〜 時、時 〜 時,国民の祝日・12月29日〜1月3日,,34.284131,133.960996,○,　,　,○,　,　,　,　,9時〜22時　日曜日は17時まで
234,高松市塩江コミュニティセンター,たかまつししおのえこみゅにてぃせんたー,761-1592,香川県高松市塩江町安原下第2号1645,087-897-0137,,,,,時 〜 時、時 〜 時、時 〜 時,祝日・年末・年始,,34.196376,134.041588,○,　,○,○,　,　,　,　,9時〜21時30分
235,高松市ししまる館,たかまつしししまるかん,761-1404,香川県高松市香南町横井,087-879-0321,,,,,9時30分〜18時（ただし土曜日・長期休業中は8時30分〜18時）,日曜日・休日・12月29日〜1月3日,,34.241741,134.007773,○,○,○,　,　,　,　,　,9時30分〜18時（ただし土曜日・長期休業中は8時30分〜18時）
236,高松市下笠居コミュニティセンター,たかまつししもかさいこみゅにてぃせんたー,761-8002,香川県高松市生島町353-1,087-882-0856,,,,,時 〜 時、時 〜 時、時 〜 時,祝祭日,,34.358701,133.968892,○,○,　,○,　,　,　,　,9時〜22時　日曜日は17時まで
237,高松市生涯学習センター「まなびCAN」,たかまつししょうがいがくしゅうせんたー　まなびかん,760-0040,香川県高松市片原町11-1むうぶ片原町ビル内,087-811-6222,,,http://www.city.takamatsu.kagawa.jp/2454.html,,"火曜日〜土曜日9時〜22時,日曜日・休日の場合9時〜17時",月曜日（休日の場合はその後の最も近い休日でない日）年末年始（12月29日から1月3日）,,34.345538,134.053474,○,　,○,　,　,　,　,　,"火曜日〜土曜日9時〜22時,日曜日・休日の場合9時〜17時"
238,高松市新名・柏原児童館,たかまつししんみょう　かしはらじどうかん,769-0105,香川県高松市国分寺町柏原613-1,087-874-2985,,,,,9時30分〜18時（ただし土曜日・長期休業中は8時30分〜18時）,日曜日・休日・12月29日〜1月3日,,34.285218,133.947485,○,　,○,　,　,　,　,　,9時30分〜18時（ただし土曜日・長期休業中は8時30分〜18時）
239,高松市弦打コミュニティセンター,たかまつしつるうちこみゅにてぃせんたー,761-8032,香川県高松市鶴市町356-3,087-882-0285,,,,,時 〜 時、時 〜 時、時 〜 時,祝日・年末年始,,34.328972,134.005727,○,　,　,○,　,　,　,　,9時〜22時　日曜日は17時まで
240,高松市新居東児童館,たかまつしにいひがしじどうかん,769-0101,香川県高松市国分寺町新居3371-1,087-874-6705,,,,,9時30分〜18時（ただし土曜日・長期休業中は8時30分〜18時）,日曜日・休日・12月29日〜1月3日,,34.307974,133.971823,○,　,○,　,　,　,　,　,9時30分〜18時（ただし土曜日・長期休業中は8時30分〜18時）
241,高松市二番丁コミュニティセンター,たかまつしにばんちょうこみゅにてぃせんたー,760-0013,香川県高松市扇町2丁目8-7,087-822-3556,,,,,時 〜 時、時 〜 時、時 〜 時,祝日・年末年始（コミュニティセンター休館日）,,34.344525,134.036527,○,　,○,　,　,　,　,　,"月曜日〜土曜日9時〜22時,日曜日9時〜17時"
242,高松市福家児童館,たかまつしふけじどうかん,769-0103,香川県高松市国分寺町福家甲1951-1,087-874-4954,,,,,9時30分〜18時（ただし土曜日・長期休業中は8時30分〜18時）,日曜日・休日・12月29日〜1月3日,,34.274136,133.972775,○,　,○,　,　,　,　,　,9時30分〜18時（ただし土曜日・長期休業中は8時30分〜18時）
243,高松市古高松コミュニティセンター,たかまつしふるたかまつこみゅにてぃせんたー,761-0104,香川県高松市高松町10-20,087-841-6262,,,,,時 〜 時、時 〜 時、時 〜 時,祝日,,34.335678,134.107533,○,○,○,　,　,　,　,　,8時30分〜22時
244,高松市仏生山コミュニティセンター,たかまつしぶっしょうざんこみゅにてぃせんたー,761-8079,香川県高松市仏生山町乙45-4,087-889-4955,,,,,時 〜 時、時 〜 時、時 〜 時,祝日,,34.278536,134.047868,○,○,　,○,　,　,　,　,9時〜22時　日曜日は17時まで
245,高松市保健所,たかまつしほけんしょ,760-0074,香川県高松市桜町1丁目10-27,087-839-2860,,,http://www.city.takamatsu.kagawa.jp/15039.html,,8時30分〜17時15分,土曜日・日曜日・祝日および12月29日から1月3日まで,,34.330514,134.052649,○,　,○,○,　,　,　,　,8時30分〜17時15分
246,高松市保健センター,たかまつしほけんせんたー,760-0074,香川県高松市桜町桜町1丁目9-12,087-839-2363,,,http://www.city.takamatsu.kagawa.jp/15043.html,,8時30分〜17時15分,土曜日・日曜日・祝祭日・年末年始,,34.330464,134.051849,○,○,○,○,　,　,　,　,8時30分〜17時15分
247,高松市本庁舎,たかまつしほんちょうしゃ,760-8571,香川県高松市番町1丁目8番15号,087-839-2255,,,,,時 〜 時、時 〜 時、時 〜 時,土曜日・日曜日・国民の休日・1月1日から1月3日および12月29日から12月31日,,34.342788,134.046574,○,○,　,○,　,　,　,　,8時30分〜17時15分
248,高松シンボルタワー,たかまつしんぼるたわー,760-0019,香川県高松市サンポート2番1号,087-822-1707,,,http://www.symboltower.co.jp,,8時45分〜17時30分,無休　12月29日〜1月3日を除く,,34.352545,134.046507,○,○,○,　,　,　,　,　,8時45分〜17時30分
249,高松信用金庫観音寺支店,たかまつしんようきんこかんおんじしてん,768-0067,香川県観音寺市坂本町6丁目3-18,0875-23-2552,,,,,時 〜 時、時 〜 時、時 〜 時,土曜日・日曜日・祭日,,34.124539,133.662003,○,　,　,○,　,　,　,　,9時〜16時
250,高松信用金庫高瀬支店,たかまつしんようきんこたかせしてん,767-0002,香川県三豊市高瀬町新名956-1,0875-72-6560,,,,,時 〜 時、時 〜 時、時 〜 時,土曜日・日曜日・祭日,,34.184894,133.717402,○,　,　,○,　,　,　,　,9時〜16時
251,高松信用金庫花園支店,たかまつしんようきんこはなぞのしてん,760-0063,香川県高松市多賀町2丁目19-10,087-831-1851,,,,,時 〜 時、時 〜 時、時 〜 時,土曜日・日曜日・祭日,,34.335294,134.060504,○,　,　,○,　,　,　,　,9時〜16時
252,高松信用金庫屋島支店,たかまつしんようきんこやしましてん,761-0104,香川県高松市高松町3008-2,087-841-9181,,,,,時 〜 時、時 〜 時、時 〜 時,土曜日・日曜日・祭日,,34.339322,134.107899,○,　,　,○,　,　,　,　,9時〜16時
253,有限会社　高松自動車学校,たかまつじどうしゃがっこう,761-8056,香川県高松市上天神町646番地,087-867-7439,,,http://www.takamatsudrivingschool.co.jp/,,時 〜 時、時 〜 時、時 〜 時,毎日曜日・年末年始・お盆,,34.311349,134.035243,○,　,○,　,　,　,　,　,8時〜21時
254,高松大学・高松短期大学,たかまつだいがくたかまつたんきだいがく,761-0194,高松市春日町960,087-841-3255,,,http://www.takamatsu-u.ac.jp,,時 〜 時、時 〜 時、時 〜 時,土曜日・日曜日・祝日・お盆・年末年始休暇あり。,,34.32887,134.087627,○,○,○,○,　,　,　,　,8時30分〜17時30分
255,高松丸亀町壱番街西館,たかまつまるがめまちいちばんがいにしかん,760-0029,香川県高松市丸亀町1-1　高松丸亀町壱番街西館,087-823-0001,,,http://www.kame3.jp,,時 〜 時、時 〜 時、時 〜 時,,,34.345799,134.050257,○,　,○,　,　,　,　,　,10時〜20時
256,高松丸亀町壱番街東館,たかまつまるがめまちいちばんがいひがしかん,760-0029,香川県高松市丸亀町1-1　高松丸亀町壱番街東館,087-823-0001,,,http://www.kame3.jp,,時 〜 時、時 〜 時、時 〜 時,,,34.345881,134.050595,○,　,○,　,　,　,　,　,10時〜20時
257,高松丸亀町参番街東館,たかまつまるがめまちさんばんがいひがしかん,760-0029,香川県高松市丸亀町13番地3　高松丸亀町参番街東館,-,,,,,時 〜 時、時 〜 時、時 〜 時,,,34.344408,134.050343,○,　,○,　,　,　,　,　,-
258,株式会社高松三越,たかまつみつこし,760-0034,香川県高松市内町7-1,087-851-5151,,,http://www.mitsukoshi.co.jp,,10時〜19時,なし,,34.346449,134.051035,○,○,　,　,　,　,　,　,10時〜19時
259,高室保育園　子育て支援センター　いちごっこ,たかむろほいくえん　こそだてしえんせんたー　いちごっこ,768-0002,香川県観音寺市高屋町１２番地１,0875-24-3130,0875-24-3231,takamurohoikuen12-1@leat.ocn.ne.jp,,観音寺駅より自動車で１０分,月･火･水･金　9時 〜 14時、第1(第2)木曜　9時 〜 14時、土　9時 〜 13時,日、祝日、年末年始、その他保育園行事による,その他,34.135993,133.661473,○,○,○,　,　,　,○,　,月･火･水･金　9時 〜 14時、第1(第2)木曜　9時 〜 14時、土　9時 〜 13時
260,タカラスタンダード株式会社　高松ショールーム,たからすたんだーどかぶしきがいしゃ　たかまつしょーるーむ,760-0064,香川県高松市朝日新町11-7,087-822-2549,087-822-9652,takamatsu-sr@takara-standard.co.jp,http://www.takara-standard.co.jp/,＜バス＞高松駅より朝日町線朝日町行。卸センター中通り下車徒歩1分,10時 〜 17時,お盆・年末年始を除いて年中無休,住まい,34.358078,134.068264,○,　,　,○,○,○,○,　,10時 〜 17時
261,橘会館,たちばなかいかん,761-4405,香川県小豆郡小豆島町橘甲442-1,0879-82-2015,,,,,8時30分〜17時15分,土曜日・日曜日・祝日・年末年始,,34.491395,134.342084,○,　,○,　,　,　,　,　,8時30分〜17時15分
262,第一生命　観音寺第一営業オフィス,だいいちせいめい　かんおんじだいいちえいぎょうおふぃす,768-0067,香川県観音寺市坂本町5-18-40　観音寺ビル6F,050-3782-6570,0875-25-3650,,,JR予讃線　観音寺駅,9時 〜 17時,土・日・祝日、年末年始、夏期休暇,金融,34.12232,133.659006,　,○,○,　,　,　,　,　,10時 〜 15時
263,第一生命　坂出営業オフィス,だいいちせいめい　さかいでえいぎょうおふぃす,762-0011,香川県坂出市江尻町191-430,050-3782-6566,0877-46-2359,,,坂出市循環バス　ニュータウン江尻東口　停留所,9時 〜 17時,土・日・祝日、年末年始、夏期休暇,金融,34.324929,133.869449,　,○,○,○,　,　,　,　,10時 〜 17時
264,第一生命　さぬき中央営業オフィス,だいいちせいめい　さぬきちゅうおうえいぎょうおふぃす,769-2101,香川県さぬき市志度633-1　白凰ビル2F,050-3782-6556,087-894-2725,,,JR高徳線　志度駅,9時 〜 17時,土・日・祝日、年末年始、夏期休暇,金融,34.321178,134.174807,　,　,○,○,　,　,　,　,10時 〜 17時
265,第一生命　新高松営業オフィス,だいいちせいめい　しんたかまつえいぎょうおふぃす,760-0078,香川県高松市今里町2-23-11,050-3782-6552,087-863-1701,,,琴平電気鉄道琴平線　栗林公園,9時 〜 17時,土・日・祝日、年末年始、夏期休暇,金融,34.323615,134.055856,　,○,○,○,　,　,　,　,10時30分 〜 17時
266,第一生命　善通寺営業オフィス,だいいちせいめい　ぜんつうじえいぎょうおふぃす,765-0011,香川県善通寺市上吉田町3-9-19,050-3782-6564,0877-62-2712,,,JR土讃線　善通寺駅,9時 〜 17時,土・日・祝日、年末年始、夏期休暇,金融,34.228979,133.78266,○,○,○,　,　,　,　,　,10時 〜 17時
267,第一生命　高松職域営業オフィス,だいいちせいめい　たかまつしょくえきえいぎょうおふぃす,760-0020,香川県高松市錦町1-14-22 錦町分室３F,050-3782-6574,087-821-8325,,,JR高松駅,9時〜17時,土・日・祝日、年末年始、夏期休暇,金融,34.346494,134.044702,○,○,,,,,,,10時〜17時
268,第一生命　玉藻営業オフィス,だいいちせいめい　たまもえいぎょうおふぃす,760-0020,香川県高松市錦町1-14-22　錦町分室　2F,050-3782-6560,087-821-2242,,,JR高松駅,9時〜17時,土・日・祝日、年末年始、夏期休暇,金融,34.346494,134.044702,○,○,,,,,,,10時〜17時
269,第一生命　丸亀営業オフィス,だいいちせいめい　まるがめえいぎょうおふぃす,763-0012,香川県丸亀市土居町2-2-16,050-3782-6568,0877-22-2202,,,丸亀コミュニティバス　城東町　停留所,9時 〜 17時,土・日・祝日、年末年始、夏期休暇,金融,34.290072,133.805885,　,　,○,○,　,　,　,　,10時 〜 17時
270,第一生命 三豊中央営業オフィス,だいいちせいめい　みとよちゅうおうえいぎょうおふぃす,768-0022,香川県観音寺市本大町1735　合田不動産本大ビル　２F,050-3782-6572,0875-25-2412,,,JR予讃線　本山駅,9時〜17時,土・日・祝日、年末年始、夏期休暇,金融,34.135357,133.690809,○,○,○,○,,,,,10時〜17時
271,第一生命　屋島営業オフィス,だいいちせいめい　やしまえいぎょうおふぃす,761-0104,香川県高松市高松町角屋2412-11,050-3782-6558,087-841-7412,,,琴平電気鉄道志度線　古高松駅,9時 〜 17時,土・日・祝日、年末年始、夏期休暇,金融,34.338089,134.107538,　,　,○,○,　,　,　,　,10時 〜 17時
272,千代橋堂,ちよばしどう,760-0068,香川県高松市松島町3丁目29-5,087-861-8040,,,,,時 〜 時、時 〜 時、時 〜 時,不定休,,34.336903,134.067156,○,　,○,○,　,　,　,　,9時30分〜15時30分
273,佃煮販売処　京宝亭,つくだにはんばいどころ　きょうほうてい,761-4421,香川県小豆郡小豆島町苗羽2211番地28,0879-82-1441,,,http://www.kyohotei.co.jp,,時 〜 時、時 〜 時、時 〜 時,12月27日〜12月30日,,34.464725,134.318449,○,　,　,○,　,　,　,　,8時30分〜17時
274,つくだに屋さん,つくだにやさん,761-4431,香川県小豆郡小豆島町片城甲44-270,0879-82-6066,,,http://www.tsukudaniyasan.com,,9時〜17時,年中無休,,34.478915,134.310208,○,　,○,○,　,　,　,　,9時〜17時
275,津田の松原サービスエリア　下り線,つだのまつばらさーびすえりあ　くだりせん,769-2402,香川県さぬき市津田町鶴羽939番地１,0879-42-0880,,,http://www.anabuki-enter.jp/,,7時〜22時　休息コーナーは24時間,なし,,34.275427,134.26469,○,○,○,○,　,　,　,　,7時〜22時　休息コーナーは24時間
276,津田の松原サービスエリア　上り線,つだのまつばらさーびすえりあ　のぼりせん,769-2402,香川県さぬき市津田町鶴羽935番地5,0879-42-1777,,,http://www.anabuki-enter.jp/,,7時〜22時　休息コーナーは24時間,なし,,34.276807,134.264258,○,○,○,　,　,　,　,　,7時〜22時　休息コーナーは24時間
277,つどいの広場サニーハウス,つどいのひろばさにーはうす,769-1502,香川県三豊市豊中町笠田笠岡2536-1,0875-24-8690,,npo_friends@yahoo.co.jp,http://hikatan5029.ashita-sanuki.jp/,,9時30分 〜 14時,土・日曜,見る・遊ぶ,34.15979,133.70196,○,○,○,　,　,○,　,　,9時30分〜14時
278,つどいの広場すくすくランド,つどいのひろばすくすくらんど,769-1101,香川県三豊市詫間町詫間1338-13三豊市役所詫間支所内南庁舎2階,0875-83-7739,,,http://www.npo-sukusuku.com,,9時30分〜15時30分,土曜日・日曜日・祝日・年末年始・お盆・GW,,34.220896,133.673372,○,○,○,○,　,　,　,　,9時30分〜15時30分
279,地域子育て支援拠点事業つどいの広場「ひまわりはうすとことこ」,つどいのひろばひまわりはうすとことこ,761-8077,香川県高松市出作町382-1酒井ハイツ110.108,087-816-7700,,,http://himawarinet.c.ooco.jp/,,9時30分〜15時30分（土曜日9時30分〜14時30分）,第3火曜日・日曜日・祝日,,34.284236,134.048338,○,○,○,　,　,　,　,　,平日9時30分〜15時30分　（第3土曜日10時30分〜15時30分）
280,翼山温泉,つばさやまおんせん,769-2901,香川県東かがわ市引田991番地,0879-33-2505,,,http://www.higashikagawa.jp/life/institution/welfare.html#01,,10時〜21時,火曜日・年末年始,,34.21708,134.393896,○,　,○,○,　,　,　,　,10時〜21時
281,天然いやだに温泉　　大師の湯　ふれあいパークみの,てんねんいやだにおんせん　だいしのゆ　ふれあいぱーくみの,767-0031,香川県三豊市三野町大見乙74,0875-72-2601,0875-72-2600,iyadani@sun-age.or.jp,http://iyadani.sun-age.or.jp/,,10時 〜 23時30分,毎月第2水曜日(8月、12月は無休),"食べる, 旅行・宿泊, 温泉・銭湯",34.226348,133.722855,○,○,○,　,○,○,　,　,10時〜23時30分
282,TOTO 高松ショールーム,とうとう　たかまつしょーるーむ,761-0301,香川県高松市林町2547-3,087-868-6820,087-865-9977,,https://showroom.toto.jp/showroom.aspx?sr=105,高松道・高松中央I.Cより車で5分,10時 〜 17時,毎週水曜日（但し、祝日の水曜日は開館）、夏期休暇、年末年始,住まい,34.305347,134.063794,○,○,○,　,　,　,○,○,10時 〜 17時
283,特別名勝　栗林公園,とくべつめいしょう　りつりんこうえん,760-0073,香川県高松市栗林町1丁目20-16,087-833-7411,087-833-7420,ritsuringarden@pref.kagawa.lg.jp,http://ritsuringarden.jp/,JR高徳線栗林公園北口駅徒歩3分、ことでん栗林公園駅徒歩10分,日の出〜日没,無休,"見る・遊ぶ, 旅行・宿泊",34.330481,134.044427,○,○,　,　,○,○,　,○,7時〜17時（季節により変動あり）
284,土庄町立中央公民館,とのしょうちょうりつちゅうおうこうみんかん,761-4192,香川県小豆郡土庄町甲559番地2,0879-62-7014,,,http://www.town.tonosho.kagawa.jp,,8時30分〜21時,土曜日・日曜日・祭日,,34.486137,134.184401,○,　,　,○,　,　,　,　,8時30分〜21時
285,トヨタカローラ香川株式会社　観音寺店,とよたかろーらかがわ　かんおんじてん,768-0011,香川県観音寺市出作町字大道上350,0875-25-1760,,,http://orangetoyota.jp/,,10時〜18時,水曜日・年末年始,,34.118571,133.676115,○,　,　,○,　,　,　,　,10時〜18時
286,トヨタカローラ香川株式会社　木太店,とよたかろーらかがわ　きたてん,760-0080,香川県高松市木太町1983-1-1,087-862-1937,,,http://orangetoyota.jp/,,10時〜18時,水曜日・年末年始,,34.328614,134.06887,○,　,　,○,　,　,　,　,10時〜18時
287,トヨタカローラ香川株式会社　空港通り店,とよたかろーらかがわ　くうこうどおりてん,761-8083,香川県高松市三名町567-1,087-886-0777,,,http://orangetoyota.jp/,,10時〜18時,水曜日・年末年始,,34.292001,134.032694,○,　,　,○,　,　,　,　,10時〜18時
288,トヨタカローラ香川株式会社　国分寺店,とよたかろーらかがわ　こくぶんじてん,769-0101,香川県高松市国分寺町新居字小掛90-1,087-875-1555,,,http://orangetoyota.jp/,,10時〜18時,水曜日・年末年始,,34.305428,133.977729,○,　,　,○,　,　,　,　,10時〜18時
289,トヨタカローラ香川株式会社　本社鬼無店,とよたかろーらかがわ　ほんしゃきなしてん,761-8021,香川県高松市鬼無町是竹94,087-881-4411,,,http://orangetoyota.jp/,,10時〜18時,水曜日・年末年始,,34.337838,133.996538,○,　,　,○,　,　,　,　,10時〜18時
290,トヨタカローラ香川株式会社　綾南店,とよたかろーらかがわ　りょうなんてん,761-2103,香川県綾歌郡綾川町陶2501-1,087-876-4131,,,http://orangetoyota.jp/,,10時〜18時,水曜日・年末年始,,34.256102,133.95353,○,　,　,○,　,　,　,　,10時〜18時
291,豊浜サービスエリア　下り線,とよはまさーびすえりあくだりせん,769-1604,香川県観音寺市豊浜町箕浦字尾崎甲1842-2,-,,,http://www.w-nexco.co.jp/,,時 〜 時、時 〜 時、時 〜 時,なし,,34.053565,133.634715,○,　,○,○,　,　,　,　,24時間（清掃時除く）
292,豊浜サービスエリア　上り線,とよはまさーびすえりあのぼりせん,769-1604,香川県観音寺市豊浜町箕浦字東原甲2180-1,-,,,http://www.w-nexco.co.jp/,,時 〜 時、時 〜 時、時 〜 時,なし,,34.057351,133.63699,○,　,○,○,　,　,　,　,24時間（清掃時除く）
293,トラベルビジョン本社,とらべるびじょん,760-0078,香川県高松市今里町1丁目32番地1,087-835-3519,,,,,10時〜19時,不定休,,34.325062,134.056208,○,　,○,　,　,　,　,　,10時〜19時
294,とらまる人形劇ミュージアム,とらまるにんぎょうげきみゅーじあむ,769-2604,香川県東かがわ市西村1155番地,0879-25-0055,,,http://www.toramaru.jp/museum/index.html,,10時〜16時,月曜日（月曜日が祝日の場合は翌日）、年末年始,,34.239972,134.314883,○,　,○,○,　,　,　,　,10時〜16時
295,Ｄｒ．Ｄｒｉｖｅ　エスパル春日川店,どくたーどらいぶ　えすぱるかすががわてん,761-0101,香川県高松市春日町片田1641,087-841-4311,087-841-8878,kasugagawa@shinohara-shoji.co.jp,,,平日：7時30分 〜 22時、日・祝日：8時 〜 21時,1月1日・2日,"買う, 車・自転車, その他",34.338986,134.089468,○,　,○,　,　,　,○,　,平日：7時30分 〜 22時、日・祝日：8時 〜 21時
296,ドコモショップ木太店,どこもしょっぷきたてん,760-0080,香川県高松市木太町2区1135-2,0120-868-538,,,,,10時〜19時,無休,,34.321664,134.067179,○,　,○,　,　,　,　,　,10時〜19時
297,直島町総合福祉センター,なおしまちょうそうごうふくしせんたー,761-3110,香川県香川郡直島町3694番地1,087-892-2458,,,http://www.town.naoshima.lg.jp/(直島町HP),,時 〜 時、時 〜 時、時 〜 時,月曜日・火曜日（7月〜9月の火曜日は営業）,,34.457256,133.978796,○,　,　,○,　,　,　,　,"4月〜9月　10時〜19時　,10月〜3月　10時〜18時　"
298,ナカノヤ琴平・中野うどん学校,なかのやことひら　なかのうどんがっこう,766-0001,香川県仲多度郡琴平町796番地,0877-75-0001,,,http://www.nakanoya.net,,8時30分〜17時,無休,,34.186909,133.818443,○,○,　,　,　,　,　,　,8時30分〜17時
299,にしおか医院地域子育て支援センター,にしおかいいんちいきこそだてしえんせんたー,761-8085,香川県高松市寺井町1385-10,087-885-8740,,,http://www.jinsenkai.jp,,,土曜日・日曜日,,34.282016,134.02352,○,○,○,　,　,　,　,　,9時〜17時
300,西村公民館,にしむらこうみんかん,761-4434,香川県小豆郡小豆島町西村甲1069-1,0879-82-0201,,,,,8時30分〜22時,日曜日・祝日・年末年始,,34.473151,134.283644,○,○,○,　,　,　,　,　,8時30分〜22時
301,日産プリンス香川販売株式会社さぬき豊中店,にっさんぷりんすかがわはんばいさぬきとよなかてん,769-1502,香川県三豊市豊中町笠田笠岡2308,0875-62-3232,,,http://www.prince-kagawa.co.jp/,,8時〜20時,水曜日,,34.160309,133.70779,○,　,　,○,　,　,　,　,8時〜20時
302,日産プリンス香川販売株式会社善通寺店,にっさんぷりんすかがわはんばいぜんつうじてん,765-0022,香川県善通寺市稲木町1289,0877-62-1212,,,http://www.prince-kagawa.co.jp/,,8時〜20時,水曜日,,34.248019,133.772459,○,　,　,○,　,　,　,　,8時〜20時
303,日産プリンス香川販売株式会社高松南店,にっさんぷりんすかがわはんばいたかまつみなみてん,761-8043,香川県高松市中間町25-1,087-885-3223,,,http://www.prince-kagawa.co.jp/,,8時〜20時,水曜日,,34.285365,134.000111,○,　,　,○,　,　,　,　,8時〜20時
304,日産プリンス香川販売株式会社丸亀店,にっさんぷりんすかがわはんばいまるがめてん,763-0082,香川県丸亀市土器町東6丁目138,0877-23-2332,,,http://www.prince-kagawa.co.jp/,,8時〜20時,水曜日,,34.300402,133.812628,○,　,　,○,　,　,　,　,8時〜20時
305,二生公民館,にぶこうみんかん,761-4305,香川県小豆郡小豆島町二面,0879-75-2167,,,,,8時30分〜22時,日曜日・祝日・年末年始,,34.461216,134.242909,○,○,　,　,　,　,　,　,8時30分〜22時
306,丹生公民館,にぶこうみんかん,769-2516,香川県東かがわ市土居82番地1,0879-24-0330,,,http://www.higashikagawa.jp/life/institution/community.html,,9時〜21時30分,木曜日・年末年始,,34.253395,134.299962,○,　,○,○,　,　,　,　,9時〜21時30分
307,ネオオリエンタルリゾート小豆島,ねおおりえんたるりぞーとしょうどしま,761-4422,香川県小豆郡小豆島町古江乙16-3,0879-82-5000,,,http://nor-shodoshima.jp/,,時 〜 時、時 〜 時、時 〜 時,なし,,34.461906,134.316324,○,　,　,○,　,　,　,　,終日
308,ネッツトヨタ香川株式会社空港通り店,ねっつとよたかがわかぶしきがいしゃくうこうどおりてん,761-8082,香川県高松市鹿角町21-3,087-886-5001,,,http://www.knetz.co.jp/index.html,,時 〜 時、時 〜 時、時 〜 時,不定休（主に第1月曜日、第3月曜日）,,34.296251,134.033821,○,　,○,○,　,　,　,　,10時〜18時
309,ネッツトヨタ香川株式会社坂出店,ねっつとよたかがわかぶしきがいしゃさかいでてん,762-0055,香川県坂出市築港町1丁目1-5,0877-45-6211,,,http://www.knetz.co.jp/index.html,,時 〜 時、時 〜 時、時 〜 時,不定休（主に第1月曜日・第3月曜日）,,34.322727,133.848186,○,　,○,○,　,　,　,　,10時〜18時
310,ネッツトヨタ香川株式会社たかまつ中央店,ねっつとよたかがわかぶしきがいしゃたかまつちゅうおうてん,761-8071,香川県高松市伏石町2134-7,087-866-5011,,,http://www.knetz.co.jp/index.html,,時 〜 時、時 〜 時、時 〜 時,不定休（主に第1月曜日、第3月曜日）,,34.307944,134.058786,○,　,○,○,　,　,　,　,10時〜18時
311,ネッツトヨタ香川株式会社東かがわ店,ねっつとよたかがわかぶしきがいしゃひがしかがわてん,769-2512,香川県東かがわ市落合123-1,0879-25-3311,,,http://www.knetz.co.jp/index.html,,時 〜 時、時 〜 時、時 〜 時,不定休（主に第1月曜日、第3月曜日）,,34.251881,134.309334,○,　,○,○,　,　,　,　,10時〜18時
312,ネッツトヨタ香川株式会社本店,ねっつとよたかがわかぶしきがいしゃほんてん,760-0080,香川県高松市木太町2681-5,087-861-1111,,,http://www.knetz.co.jp/index.html,,時 〜 時、時 〜 時、時 〜 時,不定休（主に第1月曜日、第3月曜日）,,34.339883,134.080563,○,　,○,○,　,　,　,　,10時〜18時
313,ネッツトヨタ香川株式会社まるがめ田村店,ねっつとよたかがわかぶしきがいしゃまるがめたむらてん,763-0071,香川県丸亀市田村町750,0877-21-0811,,,http://www.knetz.co.jp/index.html,,時 〜 時、時 〜 時、時 〜 時,不定休（主に第1月曜日、第3月曜日）,,34.265834,133.797106,○,　,○,○,　,　,　,　,10時〜18時
314,ネッツトヨタ香川株式会社まるがめ土器店,ねっつとよたかがわかぶしきがいしゃまるがめどきてん,763-0082,香川県丸亀市土器町東6丁目40番地,0877-23-3811,,,http://www.knetz.co.jp/index.html,,時 〜 時、時 〜 時、時 〜 時,不定休（主に第1月曜日、第3月曜日）,,34.303061,133.815315,○,　,○,○,　,　,　,　,10時〜18時
315,ネッツトヨタ香川株式会社屋島店,ねっつとよたかがわかぶしきがいしゃやしまてん,761-0104,香川県高松市高松町3008-22,087-843-4801,,,http://www.knetz.co.jp/index.html,,時 〜 時、時 〜 時、時 〜 時,不定休（主に第1月曜日、第3月曜日）,,34.339463,134.109177,○,　,○,○,　,　,　,　,10時〜18時
316,ネッツトヨタ高松株式会社オリーブ店,ねっつとよたたかまつ　おりーぶてん,761-0101,香川県高松市春日町1684-10,0120-361771,,,https://www.happynetz.co.jp/pc/index.php,,平日・祝日10時〜18時30分、土曜日・日曜日9時〜17時30分,年中無休（ゴールデンウィーク・盆・正月連休有り）,,34.339672,134.092351,○,　,　,○,　,　,　,　,平日・祝日10時〜18時30分、土曜日・日曜日9時〜17時30分
317,ネッツトヨタ高松株式会社さつき店,ねっつとよたたかまつ　さつきてん,769-2512,香川県東かがわ市落合248-1,0120-401771,,,https://www.happynetz.co.jp/pc/index.php,,平日・祝日10時〜18時30分、土曜日・日曜日9時〜17時30分,毎週水曜日,,34.251243,134.314427,○,　,○,　,　,　,　,　,平日・祝日10時〜18時30分、土曜日・日曜日9時〜17時30分
318,ネッツトヨタ高松株式会社フラワー店,ねっつとよたたかまつ　ふらわーてん,761-8083,香川県高松市三名町149-1,0120-129393,,,https://www.happynetz.co.jp/pc/index.php,,平日・祝日10時〜18時30分、土曜日・日曜日9時〜17時30分,年中無休（ゴールデンウィーク・盆・正月連休有り）,,34.289626,134.033183,○,　,○,　,　,　,　,　,平日・祝日10時〜18時30分、土曜日・日曜日9時〜17時30分
319,ネッツトヨタ高松株式会社まつの木店,ねっつとよたたかまつ　まつのきてん,768-0021,香川県観音寺市吉岡町223,0120-481771,,,https://www.happynetz.co.jp/pc/index.php,,平日・祝日10時〜18時30分、土曜日・日曜日9時〜17時30分,年中無休（ゴールデンウィーク・盆・正月連休有り）,,34.127128,133.688651,○,　,○,○,　,　,　,　,平日・祝日10時〜18時30分、土曜日・日曜日9時〜17時30分
320,ネッツトヨタ高松株式会社マロニエ店,ねっつとよたたかまつ　まろにえてん,761-0313,香川県高松市下田井町355-1,0800-700-1771,,,https://www.happynetz.co.jp/pc/index.php,,平日・祝日10時〜18時30分、土曜日・日曜日9時〜17時30分,年中無休（ゴールデンウィーク・盆・正月連休有り）,,34.293232,134.089086,○,　,○,○,　,　,　,　,平日・祝日10時〜18時30分、土曜日・日曜日9時〜17時30分
321,ネッツトヨタ高松株式会社もみの木店,ねっつとよたたかまつ　もみのきてん,769-0213,香川県綾歌郡宇多津町東分1547-1,0877-49-5411,,,https://www.happynetz.co.jp/pc/index.php,,時 〜 時、時 〜 時、時 〜 時,年中無休（年末年始連休あり）,,34.293567,133.83571,○,　,○,○,　,　,　,　,平日・祝日10時〜18時30分、土曜日・日曜日9時〜17時30分
322,ネッツトヨタ高松株式会社やしの木店,ねっつとよたたかまつ　やしのきてん,761-8014,香川県高松市香西南町404-1,0120-341771,,,https://www.happynetz.co.jp/pc/index.php,,平日・祝日10時〜18時30分、土曜日・日曜日9時〜17時30分,年中無休（365日オープン）,,34.341737,134.003216,○,　,○,○,　,　,　,　,平日・祝日10時〜18時30分、土曜日・日曜日9時〜17時30分
323,農村環境改善センター,のうそんかんきょうかいぜんせんたー,761-4301,香川県小豆郡小豆島町池田2124,0879-75-0600,,,,,8時30分〜22時,日曜日・祝日・年末年始,,34.483823,134.234382,○,○,　,　,　,　,　,　,8時30分〜22時
324,萩ガーデンテラス,はぎがーでんてらす,769-1621,香川県観音寺市大野原町井関乙2-3,0875-54-5236,,,http://ameblo.jp/formaggi,,時 〜 時、時 〜 時、時 〜 時,水曜日,,34.06531,133.691105,　,○,○,　,　,　,　,　,（平日）11時〜15時　（土曜日・日曜日・祝日）11時〜17時
325,働く婦人の家,はたらくふじんのいえ,761-4421,香川県小豆郡小豆島町苗羽甲2276,0879-82-0410,,,,,8時30分〜22時,日曜日・祝日・年末年始,,34.469538,134.316744,○,　,○,　,　,　,　,　,8時30分〜22時
326,バースデイ高松レインボー店,ばーすでいたかまつれいんぼーてん,761-8076,香川県高松市多肥上町宮尻1432-1,087-864-6201,,,http://www.shimamura.gr.jp/birthday/,,10時〜19時,年中無休,,34.293703,134.057472,○,○,　,　,　,　,　,　,10時〜19時
327,バースデイ丸亀店,ばーすでいまるがめてん,763-0082,香川県丸亀市土器町東8-36,0877-58-1770,,,http://www.shimamura.gr.jp/birthday/,,10時〜19時,年中無休,,34.296367,133.808101,○,○,　,　,　,　,　,　,10時〜19時
328,パワーホーム香川株式会社,ぱわーほーむかがわかぶしきがいしゃ,761-8076,香川県高松市多肥上町1292-1,087-864-6670,087-864-6671,power-home-kagawa@nice.co.jp,https://www.powerhome.jp/kagawa/,高松琴平電気鉄道琴平線　太田駅　徒歩18分,10時 〜 18時,水曜日,住まい,34.295223,134.057556,○,○,　,　,　,○,○,　,10時 〜 18時
329,東かがわ市温水プール,ひがしかがわしおんすいぷーる,769-2901,香川県東かがわ市引田991番地13,0879-33-7163,,,http://www.higashikagawa.jp/life/institution/sports.html#02,,平日10時〜20時、日曜日・祝日10時〜18時,火曜日・年末年始,,34.21763,134.393746,○,　,　,○,　,　,　,　,平日10時〜20時、日曜日・祝日10時〜18時
330,東かがわ市引田支所,ひがしかがわしひけたししょ,769-2992,香川県東かがわ市引田513番地1,0879-33-2500,,,http://www.higashikagawa.jp/,,8時30分〜17時15分,土曜日・日曜日・祝日・年末年始,,34.224242,134.404452,○,　,○,○,　,　,　,　,8時30分〜17時15分
331,東かがわ市本庁舎,ひがしかがわしほんちょうしゃ,769-2792,香川県東かがわ市湊1847番地1,0879-26-1111,,,http://www.higashikagawa.jp/,,8時30分〜17時15分,土曜日・日曜日・祝日・年末年始,,34.243803,134.358837,○,　,○,○,　,　,　,　,8時30分〜17時15分
332,東かがわ市誉水公民館,ひがしかがわしよみずこうみんかん,769-2605,香川県東かがわ市中筋469番地,0879-25-2142,,,http://www.higashikagawa.jp/life/institution/community.html,,9時〜21時30分,火曜日・年末年始,,34.242113,134.322086,○,　,○,○,　,　,　,　,9時〜21時30分
333,東かがわ市歴史民俗資料館,ひがしかがわしれきしみんぞくしりょうかん,769-2901,香川県東かがわ市引田1000番地4,0879-33-2030,,,http://www.higashikagawa.jp/life/institution/culture.html#01,,9時〜17時,火曜日（祝日にあたる時はその翌日）年末年始,,34.21848,134.394281,○,　,○,○,　,　,　,　,9時〜17時
334,百十四銀行　一宮出張所,ひゃくじゅうしぎんこういちのみやしゅっちょうしょ,761-8085,香川県高松市寺井町1217-2,087-886-6114,,,http://www.114bank.co.jp/,,9時〜15時,土・日・祝,金融,34.279247,134.023128,○,　,○,○,　,　,　,　,9時〜15時
335,百十四銀行　川島支店,ひゃくじゅうしぎんこうかわしましてん,761-0442,香川県高松市川島本町167−1,087-848-1141,,,http://www.114bank.co.jp/,,9時〜15時,土・日・祝,金融,34.275646,134.086164,○,　,○,○,　,　,　,　,9時〜15時
336,百十四銀行　坂出東部支店,ひゃくじゅうしぎんこうさかいでとうぶしてん,762-0001,香川県坂出市京町2-4-45,0877-46-0114,0877-46-6892,,http://www.114bank.co.jp/,JR坂出駅,9時〜15時,土・日・祝,金融,34.316214,133.858233,○,　,○,○,○,　,　,　,9時 〜 15時
337,百十四銀行　須田出張所,ひゃくじゅうしぎんこうすだしゅっちょうしょ,769-1101,香川県三豊市詫間町詫間5501番地4,0875-83-4114,,,http://www.114bank.co.jp/,,9時〜15時,土・日・祝,金融,34.232476,133.654384,○,　,○,○,　,　,　,　,9時〜15時
338,ビューティーハウスにしぐち,びゅーてぃーはうすにしぐち,761-4121,香川県小豆郡土庄町渕崎甲2017,0879-62-0549,,,http://www11.ocn.ne.jp/~nisiguti/,,8時〜19時,日曜日,,34.493751,134.172667,　,○,○,　,　,　,　,　,8時〜19時
339,ファミリーマート　宇多津浜店,ふぁみりーまーと　うたづはまてん,769-0202,香川県綾歌郡宇多津町浜二番丁15-12,-,,,http://www.family.co.jp/index.html,,時 〜 時、時 〜 時、時 〜 時,なし,,34.306099,133.809395,　,　,○,○,　,　,　,　,24時間営業
340,ファミリーマート　宇多津浜八番丁店,ふぁみりーまーと　うたづはまはちばんちょうてん,769-0208,香川県綾歌郡宇多津町浜八番丁131-1,-,,,http://www.family.co.jp/index.html,,時 〜 時、時 〜 時、時 〜 時,なし,,34.309756,133.821913,　,　,○,○,　,　,　,　,24時間営業
341,ファミリーマート　観音寺植田店,ふぁみりーまーと　かんおんじうえたてん,768-0012,香川県観音寺市植田町397-5,-,,,http://www.family.co.jp/index.html,,時 〜 時、時 〜 時、時 〜 時,なし,,34.126436,133.676252,　,　,○,○,　,　,　,　,24時間営業
342,ファミリーマート　観音寺中田井店,ふぁみりーまーと　かんおんじなかたいてん,768-0024,香川県観音寺市中田井町690-1,-,,,http://www.family.co.jp/index.html,,時 〜 時、時 〜 時、時 〜 時,なし,,34.123075,133.703569,　,　,○,○,　,　,　,　,24時間営業
343,ファミリーマート　観音寺流岡店,ふぁみりーまーと　かんおんじながれおかてん,768-0014,香川県観音寺市流岡町1269-1,-,,,http://www.family.co.jp/index.html,,時 〜 時、時 〜 時、時 〜 時,なし,,34.140642,133.676096,　,　,○,○,　,　,　,　,24時間営業
344,ファミリーマート　香南町岡店,ふぁみりーまーと　こうなんちょうおかてん,761-1401,香川県高松市香南町岡351-1,-,,,http://www.family.co.jp/index.html,,時 〜 時、時 〜 時、時 〜 時,なし,,34.229255,134.028197,　,　,○,○,　,　,　,　,24時間営業
345,ファミリーマート　香南町店,ふぁみりーまーと　こうなんちょうてん,761-1402,香川県高松市香南町由佐805-2,-,,,http://www.family.co.jp/index.html,,時 〜 時、時 〜 時、時 〜 時,なし,,34.238856,134.017562,　,　,○,○,　,　,　,　,24時間営業
346,ファミリーマート　国分寺新居店,ふぁみりーまーと　こくぶんじにいてん,769-0101,香川県高松市国分寺町新居406-1,-,,,http://www.family.co.jp/index.html,,時 〜 時、時 〜 時、時 〜 時,なし,,34.302582,133.969148,　,　,○,○,　,　,　,　,24時間営業
347,ファミリーマート　国分寺福家店,ふぁみりーまーと　こくぶんじふけてん,769-0103,香川県高松市国分寺町福家2937-1,-,,,http://www.family.co.jp/index.html,,時 〜 時、時 〜 時、時 〜 時,なし,,34.281704,133.964011,　,　,○,○,　,　,　,　,24時間営業
348,ファミリーマート　坂出加茂町店,ふぁみりーまーと　さかいでかもちょうてん,762-0023,香川県坂出市加茂町620-4,-,,,http://www.family.co.jp/index.html,,時 〜 時、時 〜 時、時 〜 時,なし,,34.308577,133.909104,　,　,○,○,　,　,　,　,24時間営業
349,ファミリーマート　坂出川津町店,ふぁみりーまーと　さかいでかわつちょうてん,762-0025,香川県坂出市川津町2809-5,-,,,http://www.family.co.jp/index.html,,時 〜 時、時 〜 時、時 〜 時,なし,,34.287798,133.854034,　,　,○,○,　,　,　,　,24時間営業
350,ファミリーマート　坂出工業団地店,ふぁみりーまーと　さかいでこうぎょうだんちてん,762-0012,香川県坂出市林田町3514-59,-,,,http://www.family.co.jp/index.html,,時 〜 時、時 〜 時、時 〜 時,なし,,34.339169,133.882985,　,　,○,○,　,　,　,　,24時間営業
351,ファミリーマート　坂出昭和町店,ふぁみりーまーと　さかいでしょうわちょうてん,762-0004,香川県坂出市昭和町1-2-27,-,,,http://www.family.co.jp/index.html,,時 〜 時、時 〜 時、時 〜 時,なし,,34.319069,133.868568,　,　,○,○,　,　,　,　,24時間営業
352,ファミリーマート　坂出林田町店,ふぁみりーまーと　さかいではやしだちょうてん,762-0012,香川県坂出市林田町3093-2,-,,,http://www.family.co.jp/index.html,,時 〜 時、時 〜 時、時 〜 時,なし,,34.332571,133.891829,　,　,○,○,　,　,　,　,24時間営業
353,ファミリーマート　坂出番の州公園店,ふぁみりーまーと　さかいでばんのすこうえんてん,762-0051,香川県坂出市御供所町3-413-4,-,,,http://www.family.co.jp/index.html,,時 〜 時、時 〜 時、時 〜 時,なし,,34.323924,133.835446,　,　,○,○,　,　,　,　,24時間営業
354,ファミリーマート　坂出府中店,ふぁみりーまーと　さかいでふちゅうてん,762-0024,香川県坂出市府中町字前谷上所245-1,-,,,http://www.family.co.jp/index.html,,時 〜 時、時 〜 時、時 〜 時,なし,,34.295642,133.935035,　,　,○,○,　,　,　,　,24時間営業
355,ファミリーマート　坂出文京町店,ふぁみりーまーと　さかいでぶんきょうちょうてん,762-0031,香川県坂出市文京町1丁目3580-25,-,,,http://www.family.co.jp/index.html,,時 〜 時、時 〜 時、時 〜 時,なし,,34.311933,133.851024,　,　,○,○,　,　,　,　,24時間営業
356,ファミリーマート　さぬき寒川町店,ふぁみりーまーと　さぬきさんがわちょうてん,769-2322,香川県さぬき市寒川町石田西1991-1,-,,,http://www.family.co.jp/index.html,,時 〜 時、時 〜 時、時 〜 時,なし,,34.260554,134.197501,　,　,○,○,　,　,　,　,24時間営業
357,ファミリーマート　さぬき津田店,ふぁみりーまーと　さぬきつだてん,769-2401,香川県さぬき市津田町津田2885-4,-,,,http://www.family.co.jp/index.html,,時 〜 時、時 〜 時、時 〜 時,なし,,34.303627,134.243005,　,　,○,○,　,　,　,　,24時間営業
358,ファミリーマート　さぬき長尾店,ふぁみりーまーと　さぬきながおてん,769-2302,香川県さぬき市長尾西1404-3,-,,,http://www.family.co.jp/index.html,,時 〜 時、時 〜 時、時 〜 時,なし,,34.261867,134.175361,　,　,○,○,　,　,　,　,24時間営業
359,ファミリーマート　サンフラワー通り店,ふぁみりーまーと　さんふらわーどおりてん,761-8071,香川県高松市伏石町2174-20,-,,,http://www.family.co.jp/index.html,,時 〜 時、時 〜 時、時 〜 時,なし,,34.307247,134.053098,　,　,○,○,　,　,　,　,24時間営業
360,ファミリーマート　善通寺稲木店,ふぁみりーまーと　ぜんつうじいなぎてん,765-0022,香川県善通寺市稲木町101-1,-,,,http://www.family.co.jp/index.html,,時 〜 時、時 〜 時、時 〜 時,なし,,34.239873,133.785327,　,　,○,○,　,　,　,　,24時間営業
361,ファミリーマート　善通寺吉原店,ふぁみりーまーと　ぜんつうじよしわらちょう,765-0061,香川県善通寺市吉原町2433-1,-,,,http://www.family.co.jp/index.html,,時 〜 時、時 〜 時、時 〜 時,なし,,34.226468,133.744109,　,　,○,○,　,　,　,　,24時間営業
362,ファミリーマート　高松茜町店,ふぁみりーまーと　たかまつあかねちょうてん,760-0002,香川県高松市茜町21-1,-,,,http://www.family.co.jp/index.html,,時 〜 時、時 〜 時、時 〜 時,なし,,34.348179,134.023708,　,　,○,○,　,　,　,　,24時間営業
363,ファミリーマート　高松円座町店,ふぁみりーまーと　たかまつえんざてん,761-8044,香川県高松市円座町1258-1,-,,,http://www.family.co.jp/index.html,,時 〜 時、時 〜 時、時 〜 時,なし,,34.286868,134.011265,　,　,○,○,　,　,　,　,24時間営業
364,ファミリーマート　高松太田上町店,ふぁみりーまーと　たかまつおおたかみまちてん,761-8074,香川県高松市太田上町983-4,-,,,http://www.family.co.jp/index.html,,時 〜 時、時 〜 時、時 〜 時,なし,,34.300323,134.041135,　,　,○,○,　,○,　,　,24時間営業
365,ファミリーマート　高松川部町店,ふぁみりーまーと　たかまつかわなべてん,761-8046,香川県高松市川部町505-1,-,,,http://www.family.co.jp/index.html,,時 〜 時、時 〜 時、時 〜 時,なし,,34.26857,134.009849,　,　,○,○,　,　,　,　,24時間営業
366,ファミリーマート　高松北バイパス店,ふぁみりーまーと　たかまつきたばいぱすてん,761-0104,香川県高松市高松町3006-15,-,,,http://www.family.co.jp/index.html,,時 〜 時、時 〜 時、時 〜 時,なし,,34.340088,134.110543,　,　,○,○,　,　,　,　,24時間営業
367,ファミリーマート　高松鬼無町店,ふぁみりーまーと　たかまつきなしてん,761-8023,香川県高松市鬼無町佐藤54-8,-,,,http://www.family.co.jp/index.html,,時 〜 時、時 〜 時、時 〜 時,なし,,34.328447,133.994481,　,　,○,○,　,　,　,　,24時間営業
368,ファミリーマート　高松香西北店,ふぁみりーまーと　たかまつこうざいきたてん,761-8011,香川県高松市香西北町534-1,-,,,http://www.family.co.jp/index.html,,時 〜 時、時 〜 時、時 〜 時,なし,,34.354416,133.988401,　,　,○,○,　,　,　,　,24時間営業
369,ファミリーマート　高松香西東店,ふぁみりーまーと　たかまつこうざいひがしてん,761-8013,香川県高松市香西東町331-1,-,,,http://www.family.co.jp/index.html,,時 〜 時、時 〜 時、時 〜 時,なし,,34.342757,134.00634,　,　,○,○,　,　,　,　,24時間営業
370,ファミリーマート　高松国際ホテル前店,ふぁみりーまーと　たかまつこくさいほてるまえてん,760-0080,香川県高松市木太町2193-6,-,,,http://www.family.co.jp/index.html,,時 〜 時、時 〜 時、時 〜 時,なし,,34.334508,134.070859,　,　,○,○,　,　,　,　,24時間営業
371,ファミリーマート　高松高田店,ふぁみりーまーと　たかまつたかだてん,761-0323,香川県高松市亀田町202-4,-,,,http://www.family.co.jp/index.html,,時 〜 時、時 〜 時、時 〜 時,なし,,34.285467,134.113946,　,　,○,○,　,　,　,　,24時間営業
372,ファミリーマート　高松中央通り店,ふぁみりーまーと　たかまつちゅうおうどおりてん,761-8055,香川県高松市紙町81-4,-,,,http://www.family.co.jp/index.html,,時 〜 時、時 〜 時、時 〜 時,なし,,34.316118,134.039114,　,　,○,○,　,　,　,　,24時間営業
373,ファミリーマート　高松町店,ふぁみりーまーと　たかまつちょうてん,761-0104,香川県高松市高松町44-3,-,,,http://www.family.co.jp/index.html,,時 〜 時、時 〜 時、時 〜 時,なし,,34.334164,134.106419,　,　,○,○,　,　,　,　,24時間営業
374,ファミリーマート　高松鶴市町店,ふぁみりーまーと　たかまつつるいちてん,761-8032,香川県高松市鶴市町519-1,-,,,http://www.family.co.jp/index.html,,時 〜 時、時 〜 時、時 〜 時,なし,,34.329313,134.008052,　,　,○,○,　,　,　,　,24時間営業
375,ファミリーマート　高松磨屋町店,ふぁみりーまーと　たかまつとぎやまちてん,760-0026,香川県高松市磨屋町9-2,-,,,http://www.family.co.jp/index.html,,24時間営業,なし,,34.344927,134.048641,　,　,○,○,　,　,　,　,24時間営業
376,ファミリーマート　高松西ハゼ町店,ふぁみりーまーと　たかまつにしはぜてん,761-8053,香川県高松市西ハゼ町262,-,,,http://www.family.co.jp/index.html,,時 〜 時、時 〜 時、時 〜 時,なし,,34.318029,134.030798,　,　,○,○,　,　,　,　,24時間営業
377,ファミリーマート　高松西町店,ふぁみりーまーと　たかまつにしまちてん,760-0003,香川県高松市西町840-201,-,,,http://www.family.co.jp/index.html,,時 〜 時、時 〜 時、時 〜 時,なし,,34.347388,134.027268,　,　,○,○,　,　,　,　,24時間営業
378,ファミリーマート　高松林町店,ふぁみりーまーと　たかまつはやしちょうてん,761-0301,香川県高松市林町467,-,,,http://www.family.co.jp/index.html,,時 〜 時、時 〜 時、時 〜 時,なし,,34.293549,134.074613,　,　,○,○,　,　,　,　,24時間営業
379,ファミリーマート　高松東バイパス店,ふぁみりーまーと　たかまつひがしばいぱすてん,761-0301,香川県高松市林町2539-6,-,,,http://www.family.co.jp/index.html,,時 〜 時、時 〜 時、時 〜 時,なし,,34.304942,134.070402,　,　,○,○,　,　,　,　,24時間営業
380,ファミリーマート　高松福岡町店,ふぁみりーまーと　たかまつふくおかちょうてん,760-0066,香川県高松市福岡町2-5-14,-,,,http://www.family.co.jp/index.html,,時 〜 時、時 〜 時、時 〜 時,なし,,34.346735,134.068461,　,　,○,○,　,　,　,　,24時間営業
381,ファミリーマート　高松仏生山北店,ふぁみりーまーと　たかまつぶっしょうざんきたてん,761-8078,香川県高松市仏生山町甲59-1,-,,,http://www.family.co.jp/index.html,,時 〜 時、時 〜 時、時 〜 時,なし,,34.286437,134.039994,　,　,○,○,　,　,　,　,24時間営業
382,ファミリーマート　高松仏生山南店,ふぁみりーまーと　たかまつぶっしょうざんみなみてん,761-8078,香川県高松市仏生山町甲新開下所1477-2,-,,,http://www.family.co.jp/index.html,,時 〜 時、時 〜 時、時 〜 時,なし,,34.27388,134.035545,　,　,○,○,　,　,　,　,24時間営業
383,ファミリーマート　高松前田東町店,ふぁみりーまーと　たかまつまえだひがしまちてん,761-0322,香川県高松市前田東町732-6,-,,,http://www.family.co.jp/index.html,,24時間営業,なし,,34.293897,134.112977,　,　,○,○,　,　,　,　,24時間営業
384,ファミリーマート　高松御厩町店,ふぁみりーまーと　たかまつみまやちょうてん,761-8042,香川県高松市御厩町1467-2,-,,,http://www.family.co.jp/index.html,,時 〜 時、時 〜 時、時 〜 時,なし,,34.306349,133.984383,　,　,○,○,　,　,　,　,24時間営業
385,ファミリーマート　多度津南鴨店,ふぁみりーまーと　たどつみなみがもてん,764-0026,香川県仲多度郡多度津町南鴨199-1,-,,,http://www.family.co.jp/index.html,,時 〜 時、時 〜 時、時 〜 時,なし,,34.271844,133.770962,　,　,○,○,　,　,　,　,24時間営業
386,ファミリーマート　中央インター南店,ふぁみりーまーと　ちゅうおういんたーみなみてん,761-0301,香川県高松市林町2029-1,-,,,http://www.family.co.jp/index.html,,時 〜 時、時 〜 時、時 〜 時,なし,,34.306286,134.073001,　,　,○,○,　,　,　,　,24時間営業
387,ファミリーマート　仲南町佐文店,ふぁみりーまーと　ちゅうなんちょうさぶみてん,769-0301,香川県仲多度郡まんのう町佐文802-1,-,,,http://www.family.co.jp/index.html,,時 〜 時、時 〜 時、時 〜 時,なし,,34.172247,133.81236,　,　,○,○,　,　,　,　,24時間営業
388,ファミリーマート　豊浜町姫浜店,ふぁみりーまーと　とよはまちょうひめはまてん,769-1601,香川県観音寺市豊浜町姫浜1517-3,-,,,http://www.family.co.jp/index.html,,時 〜 時、時 〜 時、時 〜 時,なし,,34.063666,133.634321,　,　,○,○,　,　,　,　,24時間営業
389,ファミリーマート　東かがわ中筋店,ふぁみりーまーと　ひがしかがわなかすじてん,769-2605,香川県東かがわ市中筋20-2,-,,,http://www.family.co.jp/index.html,,時 〜 時、時 〜 時、時 〜 時,なし,,34.249554,134.324512,　,　,○,○,　,　,　,　,24時間営業
390,ファミリーマート　福岡町南店,ふぁみりーまーと　ふくおかちょうみなみてん,760-0066,香川県高松市福岡町4-14-13,-,,,http://www.family.co.jp/index.html,,時 〜 時、時 〜 時、時 〜 時,なし,,34.341771,134.067799,　,　,○,○,　,　,　,　,24時間営業
391,ファミリーマート　古高松店,ふぁみりーまーと　ふるたかまつてん,761-0104,香川県高松市高松町2148番1,-,,,http://www.family.co.jp/index.html,,時 〜 時、時 〜 時、時 〜 時,なし,,34.342705,134.119578,　,　,○,○,　,　,　,　,24時間営業
392,ファミリーマート　丸亀今津店,ふぁみりーまーと　まるがめいまづてん,763-0051,香川県丸亀市今津町270,-,,,http://www.family.co.jp/index.html,,時 〜 時、時 〜 時、時 〜 時,なし,,34.276833,133.782197,　,　,○,○,　,　,　,　,24時間営業
393,ファミリーマート　丸亀金倉町店,ふぁみりーまーと　まるがめかなくらちょうてん,763-0053,香川県丸亀市金倉町1435-5,-,,,http://www.family.co.jp/index.html,,時 〜 時、時 〜 時、時 〜 時,なし,,34.273533,133.783224,　,　,○,○,　,　,　,　,24時間営業
394,ファミリーマート　丸亀川西北店,ふぁみりーまーと　まるがめかわにしきたてん,763-0091,香川県丸亀市川西町北1370-1,-,,,http://www.family.co.jp/index.html,,時 〜 時、時 〜 時、時 〜 時,なし,,34.268173,133.821778,　,　,○,○,　,　,　,　,24時間営業
395,ファミリーマート　丸亀郡家店,ふぁみりーまーと　まるがめぐんけてん,763-0093,香川県丸亀市郡家町593-1,-,,,http://www.family.co.jp/index.html,,時 〜 時、時 〜 時、時 〜 時,なし,,34.245786,133.812702,　,　,○,○,　,　,　,　,24時間営業
396,ファミリーマート　丸亀三条町店,ふぁみりーまーと　まるがめさんじょうちょうてん,763-0094,香川県丸亀市三条町969-1,-,,,http://www.family.co.jp/index.html,,時 〜 時、時 〜 時、時 〜 時,なし,,34.253249,133.8033,　,　,○,○,　,　,　,　,24時間営業
397,ファミリーマート　丸亀垂水町店,ふぁみりーまーと　まるがめたるみちょうてん,763-0095,香川県丸亀市垂水町979,-,,,http://www.family.co.jp/index.html,,時 〜 時、時 〜 時、時 〜 時,なし,,34.231644,133.833606,　,　,○,○,　,　,　,　,24時間営業
398,ファミリーマート　丸亀土居町店,ふぁみりーまーと　まるがめどいちょうてん,763-0012,香川県丸亀市土居町2丁目2-16,-,,,http://www.family.co.jp/index.html,,時 〜 時、時 〜 時、時 〜 時,なし,,34.290109,133.805891,　,　,○,○,　,　,　,　,24時間営業
399,ファミリーマート　丸亀港町店,ふぁみりーまーと　まるがめみなとまちてん,763-0042,香川県丸亀市港町307-75,-,,,http://www.family.co.jp/index.html,,時 〜 時、時 〜 時、時 〜 時,なし,,34.296816,133.794342,　,　,○,○,　,　,　,　,24時間営業
400,ファミリーマート　丸亀山北町店,ふぁみりーまーと　まるがめやまのきたちょうてん,763-0072,香川県丸亀市山北町480-1,-,,,http://www.family.co.jp/index.html,,時 〜 時、時 〜 時、時 〜 時,なし,,34.276191,133.800417,　,　,○,○,　,　,　,　,24時間営業
401,ファミリーマート　満濃町公文店,ふぁみりーまーと　まんのうちょうくもんてん,766-0011,香川県仲多度郡まんのう町公文411-1,-,,,http://www.family.co.jp/index.html,,時 〜 時、時 〜 時、時 〜 時,なし,,34.217631,133.822908,　,　,○,○,　,　,　,　,24時間営業
402,ファミリーマート　三木町氷上店,ふぁみりーまーと　みきちょうひかみてん,761-0612,香川県木田郡三木町氷上2564,-,,,http://www.family.co.jp/index.html,,時 〜 時、時 〜 時、時 〜 時,なし,,34.254355,134.128397,　,　,○,○,　,　,　,　,24時間営業
403,ファミリーマート　三野町店,ふぁみりーまーと　みのちょうてん,767-0033,香川県三豊市三野町吉津甲607-1,-,,,http://www.family.co.jp/index.html,,時 〜 時、時 〜 時、時 〜 時,なし,,34.200326,133.698182,　,　,○,○,　,　,　,　,24時間営業
404,ファミリーマート　屋島西町店,ふぁみりーまーと　やしまにしまちてん,761-0113,香川県高松市屋島西町2492-24,-,,,http://www.family.co.jp/index.html,,時 〜 時、時 〜 時、時 〜 時,なし,,34.347436,134.089129,　,　,○,○,　,　,　,　,24時間営業
405,ファミリーマート　丸亀綾歌町店,ふぁみりーまーとまるがめあやうたちょうてん,761-2406,香川県丸亀市綾歌町栗熊東1150-1,0877-57-1043,,,,,時 〜 時、時 〜 時、時 〜 時,無し,,34.240076,133.897935,○,　,○,○,　,　,　,　,0時〜24時
406,福田公民館,ふくだこうみんかん,761-4402,香川県小豆郡小豆島町福田甲546-1,0879-84-2812,,,,,8時30分〜22時,日曜日・祝日・年末年始,,34.543761,134.341666,○,　,○,　,　,　,　,　,8時30分〜22時
407,双葉写真館　一宮店,ふたばしゃしんかん　いちのみやてん,761-8084,香川県高松市一宮町181-4,087-885-3725,087-885-4176,studio-futaba@e-mail.jp,http://www.studio-futaba.com/,田村神社東入口前,9時 30分〜18時,木曜日,写真,34.285191,134.028705,○,○,○,　,　,○,　,　,9時30分〜18時
408,府中湖パーキングエリア　下り線,ふちゅうこぱーきんぐえりあくだりせん,762-0024,香川県坂出市府中町字川西3785-19,-,,,http://www.w-nexco.co.jp/,,時 〜 時、時 〜 時、時 〜 時,なし,,34.273171,133.922302,○,　,○,○,　,　,　,　,24時間（清掃時除く）
409,府中湖パーキングエリア　上り線,ふちゅうこぱーきんぐえりあのぼりせん,762-0024,香川県坂出市府中町字川西7064,-,,,http://www.w-nexco.co.jp/,,時 〜 時、時 〜 時、時 〜 時,なし,,34.274523,133.922272,○,　,○,○,　,　,　,　,24時間（清掃時除く）
410,フレンズ・ラボ,ふれんず・らぼ,768-0060,香川県観音寺市観音寺町甲1183,0875-24-8338,0875-24-8691,npo_friends@yahoo.co.jp,http://friends-sunnyhouse.wixsite.com/npo-friends/blank-7,観音寺駅から徒歩6分,9時30分 〜 17時,土日祝,教育,34.127166,133.652723,○,　,○,○,○,○,○,○,9時30分 〜 17時
411,プレイパークゴールドタワー,ぷれいぱーくごーるどたわー,769-0201,香川県綾歌郡宇多津町浜一番丁8-1,0877-49-7070,,,http://www.goldtower.co.jp,,時 〜 時、時 〜 時、時 〜 時,無し,,34.31169,133.80847,○,○,○,　,　,　,　,　,10時 〜 27時
412,hair & make LUCET,へあーあんどめいく　るーけと,760-0062,香川県高松市塩上町3-4-2,087-887-8010,,lucet.omni.S@gmail.com,http://lucet201356.blog.fc2.com/,ことでん今橋駅,9時30分 〜 18時、土日祝 9時 〜 17時,毎週月曜日、第1・3日曜日,理美容・整体,34.340161,134.058385,○,○,　,　,　,○,○,○,9時30分 〜 18時、土日祝 9時 〜 17時
413,HAIR PORT　Tegetege,へあーぽーとてげてげ,760-0066,香川県高松市福岡町4丁目14-1,087-811-5337,,,,,時 〜 時、時 〜 時、時 〜 時,不定休（時間外も応相談）,,34.342119,134.067687,○,○,○,　,　,　,　,　,10時〜18時　※時間外応相談
414,ヘアールームＲ,へあーるーむあーる,769-2303,香川県さぬき市長尾名3-1,0879-52-5200,0879-52-5200,hairroom-r@s.vodafone.ne.jp,http://hairroom-r.s1.bindsite.jp/,コトデン長尾駅,9時 〜 19時,毎月曜、第3日曜日,理美容・整体,34.261264,134.176003,○,○,　,　,　,○,○,　,9時 〜 19時
415,ベッセルおおち,べっせるおおち,769-2520,香川県東かがわ市馬篠1200番地,0879-26-1126,,,http://www.shikoku.ne.jp/vessel/,,10時〜22時,年中無休　※施設点検の為休館する場合があります,,34.274898,134.29772,○,　,○,○,　,　,　,　,10時〜22時
416,ベビールーム　ぴょんぴょん,べびーるーむ　ぴょんぴょん,761-8073,香川県高松市太田下町3025-12,087-867-7746,087-867-7746,info@pyon-pyon.jp,http://www.pyon-pyon.jp/,ことでんバスレインボー循環東回り、サンフラワー東バス停から6分,9時 〜17 時,土曜日・日曜日・祝日・盆・年末年始,"教育, その他",34.305465,134.054388,○,○,○,○,　,○,○,　,9時〜17時
417,ショッピングセンター・ベルシティ,べるしてぃ,761-0703,香川県木田郡三木町大字鹿伏310,087-898-7000,,,http://www.chuokai-kagawa.or.jp/bellcity/,,時 〜 時、時 〜 時、時 〜 時,なし,,34.271194,134.135907,○,○,○,○,　,　,　,　,9時30分〜20時
418,保健センター,ほけんせんたー,769-0210,香川県綾歌郡宇多津町1881番地,0877-49-8008,,,,,時 〜 時、時 〜 時、時 〜 時,土曜日・日曜日・祝日・12月29日〜翌1月3日,,34.310683,133.825776,○,○,○,○,　,　,　,　,8時30分〜17時
419,ほけんの窓口　高松中央通り店,ほけんのまどぐち　たかまつちゅうおうどおりてん,761-8056,香川県高松市上天神町214-1,087-864-3390,087-864-3395,,,ゆめタウン高松前,10時 〜 19時,年中無休,"金融, その他",34.314302,134.037701,○,○,○,　,　,　,　,　,10時 〜 19時
420,Honda　Cars香川　高松中央インタ―店,ほんだかーずかがわたかまつちゅうおういんたーてん,760-0080,香川県高松市木太町548-1,087-864-5500,,,http://www.hondacars-kagawa.com/,,9時30分〜18時,火曜日,,34.312599,134.07389,○,　,○,○,　,　,　,　,9時30分〜18時
421,本屋Lunuganga,ほんや　るぬがんが,760-0050,香川県高松市亀井町11-13　中村第二ビル1F,087-837-4646,087-837-4646,lunugangabooks@gmail.com,https://www.lunuganga-books.com,瓦町駅,10時 〜 19時,毎週火曜日,"買う, 食べる",34.338731,134.048417,○,　,○,　,　,　,　,　,10時 〜 19時
422,うどん雅や,まさや,760-0071,香川県高松市藤塚町3丁目19-41,087-835-3303,087-835-3303,,,JR栗林駅,平日10時30分〜14時、土・日・祝日6時30分〜14時（玉切れ次第終了）,不定休、1月1日,食べる,34.332218,134.053191,○,○,　,　,　,○,　,　,6時30分〜16時
423,マツノイパレス,まつのいぱれす,761-1705,香川県高松市香川町川東下1878,087-879-3411,,,http://www.the-chelsea.jp,,時 〜 時、時 〜 時、時 〜 時,,,34.253641,134.027985,○,　,○,○,　,　,　,　,-
424,有限会社真鍋モータース,まなべもーたーす,769-1101,香川県三豊市詫間町詫間614-8,0875-83-2477,,,http://www.lotas37.com/manabe,,8時〜18時,祝祭日・日曜日・第2土曜日,,34.220677,133.682243,○,　,○,○,　,　,　,　,8時〜18時
425,丸い亀さん。,まるいかめさん,760-0050,香川県高松市亀井町1-2,087-812-2620,,,,,時 〜 時、時 〜 時、時 〜 時,,,34.34168,134.048968,○,　,○,○,　,　,　,　,-
426,丸亀市綾歌保健福祉センター,まるがめしあやうたうけんふくしせんたー,761-2405,香川県丸亀市綾歌町栗熊西782番地,0877-86-2881,,,http://www.marugame-shakyo.or.jp/,,8時30分〜21時 ※月曜日〜金曜日、夜間部屋の使用がない場合は17時まで,土曜日・日曜日・祝日・年末年始（12月29日〜1月3日）,,34.226214,133.882325,○,○,○,○,　,　,　,　,8時30分〜21時 ※月曜日〜金曜日、夜間部屋の使用がない場合は17時まで
427,丸亀市岡田コミュニティセンター,まるがめしおかだこみゅにてぃせんたー,761-2402,香川県丸亀市綾歌町岡田下516-1,0877-86-3001,,,,,9時〜21時30分、夜間行事ない日は17時30分閉館,毎週月曜日・祝日、ただし月曜日が祝日にあたるときは、その翌日,,34.224611,133.859463,○,　,○,○,　,　,　,　,9時〜21時30分、夜間行事ない日は17時30分閉館
428,丸亀市生涯学習センター,まるがめししょうがいがくしゅうせんたー,763-0034,香川県丸亀市大手町二丁目1番20号,0877-23-1091,0877-23-1094,,http://www.mcf1976.org/,JR丸亀駅,9時 〜 21時30分,12月29日から翌年1月3日まで,複合施設,34.28869,133.799189,○,○,　,○,○,　,○,　,9時 〜 21時30分
429,丸亀市城北コミュニティ,まるがめしじょうほくこみゅにてぃ,763-0014,香川県丸亀市御供所町1-5-20,0877-25-2141,,,http://johoku-c.her.jp,,9時〜21時（夜間行事ない日は17時閉館）,毎週月曜日・祝日、ただし月曜日が祝日にあたるときは、その翌日,,34.29625,133.800316,○,○,○,○,　,　,　,　,9時〜21時（夜間行事ない日は17時閉館）
430,丸亀市飯山北コミュニティセンター,まるがめしはんざんきたこみゅにてぃせんたー,762-0082,香川県丸亀市飯山町川原1112-5,0877-98-6595,,,,,9時〜17時30分,毎週月曜日・但し月曜日が祝日に当たる時は、その翌日,,34.264154,133.861057,○,　,○,　,　,　,　,　,9時〜17時30分
431,丸亀市飯山総合学習センター,まるがめしはんざんそうごうがくしゅうせんたー,762-0087,香川県丸亀市飯山町西坂元547-1,0877-98-3319,0877-98-3845,,http://hanzan.ashita-sanuki.jp/,,9時 〜16 時30分,月曜・祝日・年末年始（第2・第4月曜は図書館が開くため利用できます。）,"教育, 複合施設",34.262571,133.840727,○,○,○,○,○,○,○,○,9時 〜 16時30分
432,丸亀市飯山総合保健福祉センター,まるがめしはんざんそうごうふくしせんたー,762-0083,香川県丸亀市飯山町下法軍寺581番地1,0877-98-4141,,,http://www.marugame-shakyo.or.jp/,,月曜日〜土曜日　8時30分〜21時 日曜日　8時30分〜17時30分 ※土曜日、夜間　部屋の使用がない場合は17時30分まで ※日曜日　部屋の使用がない場合は閉館します。,年末年始（12月29日〜1月3日）,,34.258913,133.858479,○,○,○,○,　,　,　,　,月曜日〜土曜日　8時30分〜21時 日曜日　8時30分〜17時30分 ※土曜日、夜間　部屋の使用がない場合は17時30分まで ※日曜日　部屋の使用がない場合は閉館します。
433,丸亀市飯山南コミュニティセンター,まるがめしはんざんみなみこみゅにてぃせんたー,762-0084,香川県丸亀市飯山町上法軍寺1167-5,0877-98-2200,,,,,9時〜21時、土曜日・日曜日は17時まで,毎週月曜日・祝日,,34.24797,133.856099,○,○,○,○,　,　,　,　,9時〜21時、土曜日・日曜日は17時まで
434,丸亀市保健福祉センター（ひまわりセンター）,まるがめしほけんふくしせんたー　ひまわりせんたー,763-0034,香川県丸亀市大手町二丁目1番7号,0877-22-5700,,,http://www.marugame-shakyo.or.jp/,,月曜日〜土曜日　8時30分〜21時日曜日　8時30分〜17時30分※月曜日、火曜日、木曜日、金曜日、夜間部屋の使用がない場合は19時まで※水曜日、土曜日、夜間部屋の使用がない場合は17時30分まで,祝日、年末年始（12月29日〜1月3日）,,34.288701,133.799689,○,○,○,○,　,　,　,　,月曜日〜土曜日　8時30分〜21時日曜日　8時30分〜17時30分※月曜日、火曜日、木曜日、金曜日、夜間部屋の使用がない場合は19時まで※水曜日、土曜日、夜間部屋の使用がない場合は17時30分まで
435,丸亀市民球場,まるがめしみんきゅうじょう,763-0053,香川県丸亀市金倉町975,0877-35-8200,0877-21-4356,hometown@city.marugame.lg.jp,,JR丸亀駅,9時 〜 21時,年末年始（12月29日〜1月3日）,"見る・遊ぶ, スポーツ",34.266817,133.785091,○,○,○,○,○,○,　,　,9時 〜 21時
436,丸亀自動車学校,まるがめじどうしゃがっこう,762-0087,香川県丸亀市飯山町西坂元585番地,0877-56-8620,,,http://maru-ds.co.jp,,時 〜 時、時 〜 時、時 〜 時,毎日曜日・年末年始・お盆,,34.26434,133.838786,○,　,○,　,　,　,　,　,8時〜21時
437,丸亀町町営北駐車場,まるがめまちちょうえいきたちゅうしゃじょう,760-0026,香川県高松市磨屋町10番1,087-821-1013,,,,,時 〜 時、時 〜 時、時 〜 時,,,34.34481,134.049499,○,　,○,○,　,　,　,　,-
438,マルナカ香西店,まるなかこうざいてん,761-8012,香川県高松市香西本町1番176,087-870-5233,,,http://www.marunaka.net/,,9時30分〜22時,なし,,34.353667,134.003349,○,　,○,　,　,　,　,　,9時30分〜22時
439,マルナカ新田店,まるなかしんでんてん,761-0102,香川県高松市新田町甲680-1,087-818-0311,,,http://www.marunaka.net/,,時 〜 時、時 〜 時、時 〜 時,なし,,34.325464,134.100966,○,　,○,　,　,　,　,　,9時30分〜22時
440,マルナカまんのう店,まるなかまんのうてん,766-0022,香川県仲多度郡まんのう町吉野下字林1155-1,0877-58-8766,,,http://www.marunaka.net/,,時 〜 時、時 〜 時、時 〜 時,なし,,34.187253,133.842602,○,　,○,　,　,　,　,　,9時30分〜22時
441,マルナカ山本店,まるなかやまもとてん,768-0101,香川県三豊市山本町辻348,0875-63-8808,,,http://www.marunaka.net/,,時 〜 時、時 〜 時、時 〜 時,なし,,34.118592,133.72399,○,　,○,　,　,　,　,　,9時30分〜22時
442,マーレリッコ,まーれりっこ,769-2901,香川県東かがわ市引田4373番地,0879-33-2929,,,http://www.saltlake-hiketa.co.jp/marrericco.html,,9時〜17時,火曜日・年末年始,,34.239113,134.395795,　,　,○,○,　,　,　,　,9時〜17時
443,道の駅源平の里　むれ,みちのえきげんぺいのさと　むれ,761-0123,香川県高松市牟礼町原631-7,087-845-6080,087-845-6083,,http://www.genpei-mure.com,琴電志度線　塩屋駅、房前駅,9時〜18時（3月〜10月）、9時〜17時（11月〜2月）,なし,"買う, 食べる, 見る・遊ぶ, 通信・情報",34.333725,134.157497,○,○,　,○,○,○,○,　,9時 〜 18時（3月〜10月）、9時 〜 17時（11月〜2月）
444,「道の駅」しおのえ・観光物産センターしおのえ,みちのえきしおのえ　かんこうぶっさんせんたーしおのえ,761-1612,香川県高松市塩江町安原上東390-1,087-893-1378,,,,,時 〜 時、時 〜 時、時 〜 時,火曜日,,34.170346,134.082043,○,　,○,　,　,　,　,　,"3月〜10月　8時〜19時,11月〜2月　8時〜18時"
445,道の駅　ふれあいパークみの物産館,みちのえきふれあいぱーくみのぶっさんかん,767-0031,香川県三豊市三野町大見乙74番地,0875-72-5300,,,,,時 〜 時、時 〜 時、時 〜 時,年中無休,,34.226348,133.722855,○,　,○,　,　,　,　,　,8時30分〜17時
446,三都ふれあいセンター,みと,761-4307,香川県小豆郡小豆島町蒲野1610-1,0879-76-0262,,,,,8時30分〜22時,日曜日・祝日・年末年始,,34.442977,134.250698,○,○,○,　,　,　,　,　,8時30分〜22時
447,ミニチュア児遊館,みにゅちゅあじゆうかん,769-2604,香川県東かがわ市西村1155,0879-25-0055,,,http://www.toramaru.jp,,9時〜17時,月曜日（月曜日が祝日の場合は翌日）、年末,,34.239972,134.314883,○,○,○,　,　,　,　,　,9時〜17時
448,宮脇書店総本店,みやわきしょてんそうほんてん,760-0064,香川県高松市朝日新町3-4,087-823-3152,,,http://www.miyawakishoten.com/,,時 〜 時、時 〜 時、時 〜 時,不定休,,34.357214,134.065606,○,○,○,　,　,　,　,　,10時〜21時
449,宮脇書店南本店,みやわきしょてんみなみほんてん,761-8071,香川県高松市伏石町2139-11,087-869-9361,,,http://www.miyawakishoten.com/,,時 〜 時、時 〜 時、時 〜 時,不定休,,34.309363,134.060831,○,　,○,　,　,　,　,　,10時〜23時
450,名物かまど　坂出駅南口店,めいぶつかまどさかいでえきみなみぐちてん,762-0032,香川県坂出市駒止町1丁目3番4号,0877-46-2178,,,http://www.kamado.co.jp,,9時〜19時30分,なし,,34.311976,133.856683,○,　,○,　,　,　,　,　,9時〜19時30分
451,名物かまど　高松東店,めいぶつかまどたかまつひがしてん,761-0313,香川県高松市下田井町631-1,087-840-7330,,,http://www.kamado.co.jp,,時 〜 時、時 〜 時、時 〜 時,なし,,34.290802,134.089466,○,　,○,　,　,　,　,　,9時〜19時30分
452,メディコ21桜町店,めでぃこにじゅういちさくらまちてん,760-0074,香川県高松市桜町2丁目15番52号,087-812-5833,,,http://www.lady-drug.co.jp,,時 〜 時、時 〜 時、時 〜 時,無休（正月休みあり）,,34.325412,134.051544,　,　,○,○,　,　,　,　,10時〜21時
453,焼肉香らん　サンフラワー通り店,やきにくこうらん　さんふらわーどおりてん,761-8071,香川県高松市伏石町2111-16,087-869-1161,,,,,時 〜 時、時 〜 時、時 〜 時,火曜日（祝日の場合は営業）,,34.310414,134.053584,　,　,○,○,　,　,　,　,16時 〜 24時
454,焼肉香蘭　花園店,やきにくこうらん　はなぞのてん,760-0063,香川県高松市多賀町3丁目12番1号,087-834-6266,,,,,13時〜24時,水曜日（祝日の場合は営業）,,34.337086,134.061482,　,　,○,○,　,　,　,　,13時 〜 24時
455,やしま第一健康ランド,やしまだいいちけんこうらんど,761-0113,香川県高松市屋島西町2274-5,087-841-1126,,,http://www.yashimadaiichikenkoland.com/,,時 〜 時、時 〜 時、時 〜 時,年中無休,,34.362,134.090889,○,　,○,　,　,　,　,　,24時間営業
456,山かつ　丸亀店,やまかつ　まるがめてん,763-0071,香川県丸亀市田村町字池の下961−1,0877-22-8110,0877-22-8110,marugame@yamanoce.co.jp,http://www.yamanoce.co.jp/yamakatsu/shop/#shop05,JR丸亀駅,平日11時 〜 15時 LO14時30分、平日17時 〜 21時30分 LO21時、土日祝11時 〜 21時30分 LO21時,不定休,食べる,34.266978,133.799906,○,　,○,○,○,○,　,　,11時 〜 21時30分
457,有限会社　かなくま餅,ゆうげんがいしゃ　かなくまもち,768-0012,香川県観音寺市植田町35-2,0875-25-3044,0875-25-9586,kanakanar11@gmail.com,,JR四国観音寺駅,8時 〜 17時、土曜・祝日は麺切れの場合早めに終了,毎週日曜、年末28日〜31日は餅販売のみ営業、年始〜1月6日,"買う, 食べる",34.124393,133.686074,○,　,○,　,　,○,　,　,8時 〜 17時
458,ゆめタウン高松,ゆめたうんたかまつ,761-8072,香川県高松市三条町608-1,087-869-7500,,,http://www.izumi.co.jp/youmetown/takamatsu/,,時 〜 時、時 〜 時、時 〜 時,なし,,34.316999,134.041334,○,○,○,　,　,　,　,　,10時〜22時
459,ゆめタウン丸亀,ゆめたうんまるがめ,763-0055,香川県丸亀市新田町150,0877-21-0123,,,http://www.izumi.co.jp/youmetown/marugame/,,時 〜 時、時 〜 時、時 〜 時,,,34.273544,133.785405,○,○,○,○,　,　,　,　,10時〜21時
460,ゆめタウン三豊,ゆめたうんみとよ,769-1506,香川県三豊市豊中町本山甲22番地,0875-62-6600,,,http://www.izumi.co.jp/youmetown/mitoyo/,,時 〜 時、時 〜 時、時 〜 時,,,34.145431,133.699405,○,○,　,○,　,　,　,　,10時〜21時
461,ユメックスCUBE,ゆめっくすきゅーぶ,761-0301,香川県高松市林町2537-10,087-814-3751,087-814-3851,sako@yumex-g.co.jp,http://www.yumex-g.co.jp/,さこバス停　徒歩約6分,10時 〜19 時,毎週水曜日　年末年始,住まい,34.305766,134.066374,○,○,○,　,○,○,○,　,10時 〜19 時
462,湯楽温泉,ゆらくおんせん,760-0080,香川県高松市木太町6区2750-3,087-833-2611,,,http://www.yuurakuonsen.com/index.html,,時 〜 時、時 〜 時、時 〜 時,その月の第1月曜日（但し、祝日の場合火曜日）,,34.337358,134.084473,○,　,○,○,　,　,　,　,10時〜24時
463,ユープラザうたづ,ゆーぷらざうたづ,769-0206,香川県綾歌郡宇多津町浜六番丁88番地,0877-49-8020,,,http://www.uplaza-utazu.jp/,,9時〜21時,月曜日・12月28日〜翌1月4日,,34.305661,133.816613,○,○,○,○,　,　,　,　,9時〜21時
464,有限会社　ユーミーマンションあるかな,ゆーみーまんしょんあるかな,761-8071,香川県高松市伏石町2062-2　ユーミー伏石1階,087-869-4152,,,http://www.arukana.com,,時 〜 時、時 〜 時、時 〜 時,水曜日・祝祭日,,34.312483,134.053384,　,　,○,○,　,　,　,　,8時30分〜17時30分
465,与島プラザ,よしまぷらざ,762-0071,香川県坂出市与島町西方587番地,0877-43-0502,,,http://www.jb-honshi.co.jp/seto-ohashi/sapa/yoshima1.html,,0時〜24時,なし,,34.385707,133.815354,○,○,○,○,　,　,　,　,0時〜24時
466,宮地電機株式会社　ラ・ヴィータ高松店,らびーたたかまつてん,760-0080,香川県高松市木太町4区2173番地,087-834-1181,,,http://la-vita.co.jp/interior/shop-takamatsu.html,,時 〜 時、時 〜 時、時 〜 時,水曜日（祝日を除く）,,34.334217,134.07287,○,○,　,　,　,　,　,　,10時〜19時
467,リビングイソザキ宇多津店,りびんぐいそざきうたづてん,769-0206,香川県綾歌郡宇多津町浜六番丁82番3,0877-49-4646,,,,,10時〜18時,木曜日,,34.304604,133.815736,○,　,○,　,　,　,　,　,10時〜18時
468,リビングココイチ,りびんぐここいち,761-8031,香川県高松市郷東町216,087-832-9023,087-832-9033,,https://www.living-cocoichi.com/,JR　高松・香西駅／ことでんバス（イオン高松線・下笠居線・香西線）,9時 〜 17時,日曜・祝日,住まい,34.345919,134.014742,○,○,○,○,○,○,○,　,9時 〜 16時
469,リラクゼーションサロンマール,りらくぜーしょんさろんまーる,761-8044,香川県高松市円座町字道下603-1,087-899-8699,087-899-8699,info@relax-maar.jp,http://www.relax-maar.jp,円座駅,10時 〜 21時,年末年始、お盆,理美容・整体,34.281798,134.011453,○,○,　,　,　,○,○,　,10時 〜 21時
470,リーガホテルゼスト高松,りーがほてるぜすとたかまつ,760-0025,香川県高松市古新町9番1号,087-822-3555,,,http://www.rihga-takamatsu.co.jp/,,0時〜24時（24時間営業）,無休,,34.345363,134.048902,○,　,　,○,　,　,　,　,0時〜24時（24時間営業）
471,ママのための笑顔サロン　Le ange,るあんじゅ,769-0222,香川県綾歌郡宇多津町大橋2628-388,0877-49-5277,,,http://leange-k.net,,時 〜 時、時 〜 時、時 〜 時,隔週土曜日・日曜日・祝日・お盆・年末年始,,34.315867,133.824665,○,○,○,○,　,　,　,　,10時〜16時
472,株式会社　レオックス,れおっくす,762-0012,香川県坂出市林田町540-1,0120-47-0908,0877-47-1491,reox@lime.ocn.ne.jp,http://www.reox.jp,,9時 〜 18時,,住まい,34.326296,133.89521,○,○,○,　,　,○,○,　,9時 〜 17時
473,LEONiA,れおにあ,760-0029,香川県高松市丸亀町13番地3　高松丸亀町参番街東館1階,087-851-6075,,,http://www.leonia.jp/,,時 〜 時、時 〜 時、時 〜 時,月曜日,,34.344461,134.05041,○,○,　,　,　,　,　,　,11時〜20時
474,レオハウス丸亀店,れおはうす　まるがめてん,765-0032,香川県善通寺市原田町1053-1,0877-63-5144,0877-63-5855,,http://www.leohouse.jp/,市民バス停留所（JA瀧川支店）,9時 〜 20時,水曜日,住まい,34.248145,133.788513,○,○,○,　,○,○,○,○,10時〜20時
475,レオハウス高松店,れおはうすたかまつてん,761-8051,香川県高松市西春日町1045-1,087-814-8822,,,http://www.leohouse.jp,,時 〜 時、時 〜 時、時 〜 時,水曜日,,34.321476,134.030609,○,○,○,　,　,　,　,　,10時〜20時
476,レクザムホール（香川県県民ホール）,れくざむほーる(かがわけんけんみんほーる),760-0030,香川県高松市玉藻町9番10号,087-823-3131,087-823-3124,,,ＪＲ高松駅より徒歩8分　琴電高松築港駅より徒歩8分,9時 〜 22時,年中無休　※設備保守点検等のため臨時に休館することがあります。,その他,34.350476,134.053015,○,○,○,　,○,　,　,　,9時 〜 22時
477,わはは・ひろば坂出,わははひろばさかいで,762-0001,香川県坂出市京町2-1-5,0877-45-6586,,,http://www.npo-wahaha.net/hiroba/,,10時〜15時,土曜日・日曜日・祝祭日・年末年始・お盆,,34.315958,133.856738,○,○,○,　,　,　,　,　,10時〜15時
478,わはは・ひろば高松,わははひろばたかまつ,760-0042,香川県高松市大工町1-4,087-822-5589,,,http://www.npo-wahaha.net/,,10時〜16時,土曜日・日曜日・祝日（月1回土曜日開館）,,34.345002,134.051041,○,○,○,　,　,　,　,　,10時〜16時
,,,,,,,,,,,,,,,,,,,,,,,
,,,,,,,,,,,,,,,,,,,,,,,
,,,,,,,,,,,,,,,,,,,,,,,
,,,,,,,,,,,,,,,,,,,,,,,
,,,,,,,,,,,,,,,,,,,,,,,
,,,,,,,,,,,,,,,,,,,,,,,
,,,,,,,,,,,,,,,,,,,,,,,
,,,,,,,,,,,,,,,,,,,,,,,
,,,,,,,,,,,,,,,,,,,,,,,
,,,,,,,,,,,,,,,,,,,,,,,
,,,,,,,,,,,,,,,,,,,,,,,
,,,,,,,,,,,,,,,,,,,,,,,
,,,,,,,,,,,,,,,,,,,,,,,
,,,,,,,,,,,,,,,,,,,,,,,
,,,,,,,,,,,,,,,,,,,,,,,
,,,,,,,,,,,,,,,,,,,,,,,
